선수명,등번호,생년월일,포지션,경력,입단 계약금,연봉,지명순위,입단년도,team,신장,체중,BMI
강동훈,No.034,2000년 11월 23일,투수(우투우타),천안남산초-청주중-청주고-중앙대,7000만원,3000만원,24 KIA 5라운드 46순위,,KIA 타이거즈,185,98,28.63403944485025
강민제,No.038,2005년 02월 10일,내야수(우투우타),군산중앙초-군산중-군산상일고,4000만원,3000만원,24 KIA 9라운드 86순위,,KIA 타이거즈,181,82,25.029760996306585
강이준,No.36,1998년 04월 07일,투수(우투우타),발산초-덕수중-구리인창고-KIA-상무,7000만원,3000만원,17 KIA 2차 4라운드 34순위,19KIA,KIA 타이거즈,190,86,23.822714681440445
고명성,No.,1999년 04월 16일,내야수(우투우타),군산남초-군산남중-군산상고-KT,7000만원,3100만원,18 KT 2차 4라운드 31순위,18KT,KIA 타이거즈,178,68,21.461936624163616
고종욱,No.57,1989년 01월 11일,외야수(우투좌타),역삼초-대치중-경기고-한양대-히어로즈-상무-히어로즈-SK-SSG,8000만원,15000만원,11 넥센 3라운드 19순위,11넥센,KIA 타이거즈,184,83,24.515595463137995
곽도규,No.0,2004년 04월 12일,투수(좌투좌타),도척초-공주중-공주고,6000만원,3300만원,23 KIA 5라운드 42순위,23KIA,KIA 타이거즈,185,90,26.29656683710737
권혁경,No.020,2002년 01월 23일,포수(우투우타),중대초-잠신중-신일고,7000만원,3200만원,21 KIA 2차 4라운드 34순위,21KIA,KIA 타이거즈,187,94,26.88095170007721
김건국,No.43,1988년 02월 02일,투수(우투우타),한서초(서부리틀)-청량중-덕수정보고-두산-KT-롯데,13000만원,4000만원,06 두산 2차 1라운드 6순위,06두산,KIA 타이거즈,183,86,25.68007405416704
김규성,No.14,1997년 03월 08일,내야수(우투좌타),갈산초-선린중-선린인터넷고,4000만원,5500만원,16 KIA 2차 7라운드 63순위,17KIA,KIA 타이거즈,183,73,21.798202394816204
김기훈,No.53,2000년 01월 03일,투수(좌투좌타),광주수창초-무등중-광주동성고-KIA-상무,35000만원,4000만원,19 KIA 1차,19KIA,KIA 타이거즈,184,93,27.469281663516067
김대유,No.69,1991년 05월 08일,투수(좌투좌타),부산중앙초-부산중-부산고-히어로즈-SK-KT-LG,6000만원,11000만원,10 넥센 3라운드 18순위,10넥센,KIA 타이거즈,187,92,26.309016557522373
김도영,No.5,2003년 10월 02일,내야수(우투우타),광주대성초-광주동성중-광주동성고,40000만원,10000만원,22 KIA 1차,22KIA,KIA 타이거즈,183,85,25.38146854190928
김도월,No.02,2004년 04월 03일,내야수(우투우타),화곡초-영남중-서울고,3000만원,3000만원,23 KIA 9라운드 82순위,,KIA 타이거즈,188,80,22.634676324128566
김도현,No.60,2000년 09월 15일,투수(우투우타),길원초(동대문구리틀)-잠신중-신일고-한화,8000만원,3500만원,19 한화 2차 4라운드 33순위,19한화,KIA 타이거즈,183,87,25.97867956642479
김두현,No.12,2003년 04월 25일,내야수(우투우타),수원신곡초-공주중-공주고-동원대,3000만원,3000만원,24 KIA 11라운드 106순위,24KIA,KIA 타이거즈,177,76,24.25867407194612
김민수,No.04,2000년 04월 05일,외야수(우투좌타),부산수영초-경남중-경남고,,3000만원,19 KIA 2차 7라운드 70순위,,KIA 타이거즈,186,87,25.14741588622962
김민재,No.28,2003년 07월 08일,투수(우투우타),효제초-청량중-신일고-동원과학기술대,4000만원,3000만원,24 KIA 8라운드 76순위,24KIA,KIA 타이거즈,188,85,24.049343594386603
김민주,No.45,2002년 09월 08일,투수(우투우타),서울청담초(성동구리틀)-건대부중-배명고-강릉영동대,5000만원,3000만원,24 KIA 7라운드 66순위,24KIA,KIA 타이거즈,182,85,25.661152034778407
김사윤,No.21,1994년 06월 08일,투수(좌투좌타),광주화정초-무등중-화순고-SK-상무-SK-SSG,8000만원,3400만원,13 SK 3라운드 28순위,15SK,KIA 타이거즈,182,90,27.17063156623596
김석환,No.35,1999년 02월 28일,외야수(좌투좌타),광주서석초-광주동성중-광주동성고,9000만원,4000만원,17 KIA 2차 3라운드 24순위,17KIA,KIA 타이거즈,187,97,27.738854413909458
김선빈,No.3,1989년 12월 18일,내야수(우투우타),화순초-화순중-화순고-KIA-상무,3000만원,60000만원,08 KIA 2차 6라운드 43순위,08KIA,KIA 타이거즈,165,77,28.282828282828287
김승현,No.24,1992년 07월 09일,투수(우투우타),노암초-경포중-강릉고-건국대-삼성-상무-삼성,13000만원,4100만원,16 삼성 2차 1라운드 10순위,16삼성,KIA 타이거즈,180,105,32.407407407407405
김원경,No.07,2001년 05월 01일,내야수(우투우타),사파초-마산중-비봉고,5000만원,3000만원,21 KIA 2차 6라운드 54순위,21KIA,KIA 타이거즈,182,83,25.057360222195385
김유신,No.49,1999년 06월 14일,투수(좌투좌타),화순초-청주중-세광고-KIA-상무,14000만원,4200만원,18 KIA 2차 1라운드 6순위,18KIA,KIA 타이거즈,187,100,28.59675712774171
김재현,No.010,2000년 12월 02일,내야수(우투좌타),광주화정초-건대부중-경기고-송원대,3000만원,3000만원,23 KIA 10라운드 92순위,,KIA 타이거즈,176,81,26.14927685950413
김찬민,No.38,2003년 09월 13일,투수(우언우타),부안동초-이평중-전주고,7000만원,3000만원,22 KIA 2차 4라운드 35순위,22KIA,KIA 타이거즈,184,85,25.10633270321361
김태군,No.42,1989년 12월 30일,포수(우투우타),양정초-대동중-부산고-LG-NC-경찰-NC-삼성,8000만원,70000만원,08 LG 2차 3라운드 17순위,08LG,KIA 타이거즈,182,92,27.77442337881898
김태윤,No.033,2004년 10월 07일,투수(우투우타),동궁초(사상구리틀)-대동중-개성고,7000만원,3000만원,24 KIA 4라운드 36순위,,KIA 타이거즈,180,94,29.012345679012345
김현수,No.32,2000년 07월 10일,투수(우투우타),효제초-홍은중-장충고-롯데-KIA-상무,9000만원,4500만원,19 롯데 2차 3라운드 28순위,19롯데,KIA 타이거즈,185,90,26.29656683710737
김호령,No.27,1992년 04월 30일,외야수(우투우타),관산초-안산중앙중-군산상고-동국대-KIA-경찰,3000만원,9000만원,15 KIA 2차 10라운드 102순위,15KIA,KIA 타이거즈,178,85,26.82742078020452
나성범,No.47,1989년 10월 03일,외야수(좌투좌타),광주대성초-진흥중-진흥고-연세대-NC,30000만원,80000만원,12 NC 2라운드 10순위,12NC,KIA 타이거즈,183,100,29.860551225775623
네일,No.40,1993년 02월 08일,투수(우투우타),미국 Alabama at Birmingham(대),200000달러,350000달러,24 KIA 자유선발,24KIA,KIA 타이거즈,193,83,22.28247738194314
라우어,No.66,1995년 06월 03일,투수(좌투우타),미국 Kent State(대),50000달러,300000달러,24 KIA 자유선발,24KIA,KIA 타이거즈,190,94,26.038781163434905
박건우,No.03,1998년 06월 03일,투수(우투우타),다솜초-언북중-덕수고-고려대,13000만원,3100만원,21 KIA 2차 1라운드 4순위,21KIA,KIA 타이거즈,193,97,26.040967542752828
박민,No.37,2001년 06월 05일,내야수(우투우타),갈산초-성남중-야탑고-KIA-상무,15000만원,3500만원,20 KIA 2차 1라운드 6순위,20KIA,KIA 타이거즈,184,84,24.8109640831758
박상준,No.05,2001년 08월 21일,내야수(좌투좌타),석교초-세광중-세광고-강릉영동대,,,22 KIA 육성선수,,KIA 타이거즈,178,104,32.82413836636788
박시온,No.016,1998년 09월 30일,투수(우투우타),축현초-재능중-동산고-단국대,,3000만원,24 KIA 육성선수,,KIA 타이거즈,180,88,27.160493827160494
박정우,No.15,1998년 02월 01일,외야수(좌투좌타),역삼초-언북중-덕수고,5000만원,3800만원,17 KIA 2차 7라운드 64순위,21KIA,KIA 타이거즈,175,68,22.20408163265306
박준표,No.31,1992년 06월 26일,투수(우언우타),송정동초-진흥중-중앙고-동강대-KIA-경찰,4000만원,8000만원,13 KIA 7라운드 62순위,13KIA,KIA 타이거즈,181,93,28.387411861664784
박찬호,No.1,1995년 06월 05일,내야수(우투우타),신답초-건대부중-장충고,8000만원,30000만원,14 KIA 2차 5라운드 50순위,14KIA,KIA 타이거즈,178,72,22.724403484408533
변우혁,No.29,2000년 03월 18일,내야수(우투우타),일산초-현도중-북일고-한화-상무-한화,18000만원,6000만원,19 한화 1차,19한화,KIA 타이거즈,185,95,27.757487216946675
서건창,No.58,1989년 08월 22일,내야수(우투좌타),송정동초-충장중-광주제일고-LG-히어로즈-키움-LG,,5000만원,08 LG 육성선수,08LG,KIA 타이거즈,176,84,27.117768595041323
성영탁,No.039,2004년 07월 28일,투수(우투우타),동주초(부산서구리틀)-개성중-부산고,3000만원,3000만원,24 KIA 10라운드 96순위,,KIA 타이거즈,180,89,27.469135802469133
소크라테스,No.30,1992년 09월 06일,외야수(좌투좌타),도미니카 Liceo Cacique Enriquillo(고),100000달러,500000달러,22 KIA 자유선발,22KIA,KIA 타이거즈,188,93,26.312811226799457
스타우트,No.2,1993년 03월 27일,투수(좌투좌타),미국,,45000달러,24 KIA 부상 대체 외국인선수,24KIA,KIA 타이거즈,190,92,25.48476454293629
신명승,No.042,2002년 11월 02일,포수(우투우타),광주수창초-진흥중-진흥고,3000만원,,22 KIA 2차 9라운드 85순위,,KIA 타이거즈,183,94,28.068918152229088
알드레드,No.64,1996년 07월 25일,투수(좌투좌타),미국 Cincinnati(대),25000달러,300000달러,24 KIA 부상 대체 외국인선수,24KIA,KIA 타이거즈,191,93,25.492722238973712
양현종,No.54,1988년 03월 01일,투수(좌투좌타),학강초-광주동성중-광주동성고-KIA-텍사스,20000만원,50000만원,07 KIA 2차 1라운드 1순위,07KIA,KIA 타이거즈,183,91,27.173101615455817
예진원,No.61,1999년 03월 16일,외야수(좌투좌타),양정초-부산중-경남고-히어로즈-키움-상무-키움,9000만원,4000만원,18 넥센 2차 2라운드 18순위,18넥센,KIA 타이거즈,172,82,27.717685235262305
오규석,No.022,2001년 12월 04일,투수(우투우타),희망대초-휘문중-휘문고,8000만원,3000만원,20 KIA 2차 3라운드 26순위,,KIA 타이거즈,187,97,27.738854413909458
오선우,No.56,1996년 12월 13일,내야수(좌투좌타),성동초-자양중-배명고-인하대,5000만원,3300만원,19 KIA 2차 5라운드 50순위,19KIA,KIA 타이거즈,186,95,27.45982194473349
오정환,No.9,1999년 03월 27일,내야수(우투좌타),강남초-자양중-경기고,,3000만원,18 KIA 2차 4라운드 36순위,19KIA,KIA 타이거즈,185,75,21.91380569758948
유승철,No.10,1998년 03월 02일,투수(우투양타),순천북초-순천이수중-효천고,18000만원,3600만원,17 KIA 1차,17KIA,KIA 타이거즈,184,87,25.697069943289225
유지성,No.4,2000년 11월 15일,투수(좌투좌타),수유초-자양중-북일고,7000만원,3100만원,20 KIA 2차 4라운드 36순위,20KIA,KIA 타이거즈,189,94,26.315052770079227
윤도현,No.11,2003년 05월 07일,내야수(우투우타),광주화정초-무등중-광주제일고,10000만원,3000만원,22 KIA 2차 2라운드 15순위,22KIA,KIA 타이거즈,181,84,25.640242971826257
윤영철,No.13,2004년 04월 20일,투수(좌투좌타),창서초(서대문구리틀)-충암중-충암고,32000만원,9000만원,23 KIA 1라운드 2순위,23KIA,KIA 타이거즈,187,87,24.879178701135288
윤중현,No.19,1995년 04월 25일,투수(우언우타),광주서석초-무등중-광주제일고-성균관대,4000만원,6500만원,18 KIA 2차 9라운드 86순위,21KIA,KIA 타이거즈,180,84,25.925925925925924
이도현,No.015,2005년 01월 07일,투수(우투우타),가동초-휘문중-휘문고,4000만원,3000만원,23 KIA 7라운드 62순위,,KIA 타이거즈,188,90,25.46401086464464
이상준,No.44,2005년 12월 13일,포수(우투우타),서울도곡초-대치중-경기고,10000만원,3000만원,24 KIA 3라운드 26순위,24KIA,KIA 타이거즈,182,105,31.69907016060862
이성주,No.06,2003년 03월 28일,포수(우투우타),고명초-잠신중-경기고,6000만원,3000만원,22 KIA 2차 5라운드 45순위,,KIA 타이거즈,183,98,29.26334020126011
이송찬,No.63,2004년 08월 08일,투수(우투우타),화순초-광주동성중-광주동성고-KIA,5000만원,3000만원,23 KIA 6라운드 52순위,23KIA,KIA 타이거즈,187,85,24.307243558580453
이승재,No.014,2000년 10월 04일,투수(우투우타),잠신초(강남구리틀)-강남중-휘문고-강릉영동대,8000만원,3600만원,21 KIA 2차 3라운드 24순위,21KIA,KIA 타이거즈,182,82,24.755464315903875
이영재,No.09,2002년 01월 11일,외야수(우투우타),연현초-평촌중-유신고,6000만원,,21 KIA 2차 5라운드 44순위,,KIA 타이거즈,184,96,28.35538752362949
이우성,No.25,1994년 07월 17일,외야수(우투우타),대전유천초-한밭중-대전고-두산-상무-두산-NC,12000만원,13000만원,13 두산 2라운드 15순위,13두산,KIA 타이거즈,182,95,28.680111097693512
이의리,No.48,2002년 06월 16일,투수(좌투좌타),광주수창초-충장중-광주제일고,30000만원,17000만원,21 KIA 1차,21KIA,KIA 타이거즈,185,90,26.29656683710737
이준범,No.011,2002년 07월 16일,내야수(우투우타),광주대성초-광주동성중-광주동성고,3000만원,,21 KIA 2차 8라운드 74순위,,KIA 타이거즈,184,85,25.10633270321361
이준영,No.20,1992년 08월 10일,투수(좌투좌타),군산남초-군산중-군산상고-중앙대-KIA-상무,8000만원,14000만원,15 KIA 2차 4라운드 42순위,15KIA,KIA 타이거즈,177,85,27.13141179099237
이창진,No.8,1991년 03월 04일,외야수(우투우타),신도초-동인천중-인천고-건국대-롯데-KT-상무-KT,5000만원,12000만원,14 롯데 2차 6라운드 60순위,14롯데,KIA 타이거즈,173,85,28.40054796351365
이형범,No.33,1994년 02월 27일,투수(우투우타),화순초-화순중-화순고-NC-경찰-NC-두산,7000만원,7000만원,12 NC 특별 23순위,12NC,KIA 타이거즈,181,80,24.41927902078691
임기영,No.17,1993년 04월 16일,투수(우언우타),대구수창초-경운중-경북고-한화-상무,11000만원,25000만원,12 한화 2라운드 18순위,12한화,KIA 타이거즈,184,86,25.401701323251416
임석진,No.,1997년 10월 10일,내야수(우투우타),군산신풍초-서울이수중-서울고-SK-SSG,13000만원,3200만원,16 SK 2차 1라운드 6순위,16SK,KIA 타이거즈,180,98,30.24691358024691
장민기,No.46,2001년 12월 30일,투수(좌투좌타),사파초-내동중-용마고-KIA-상무,10000만원,3500만원,21 KIA 2차 2라운드 14순위,21KIA,KIA 타이거즈,182,88,26.56683975365294
장시현,No.01,2001년 12월 21일,내야수(우투우타),서울도곡초-언북중-충암고,4000만원,3000만원,21 KIA 2차 7라운드 64순위,,KIA 타이거즈,178,75,23.671253629592226
장재혁,No.65,2001년 08월 02일,투수(우투우타),부산금강초-대신중-경남고,5000만원,3000만원,20 KIA 2차 6라운드 56순위,22KIA,KIA 타이거즈,180,86,26.54320987654321
장현식,No.50,1995년 02월 24일,투수(우투우타),신도초-서울이수중-서울고-NC-경찰-NC,15000만원,16000만원,13 NC 1라운드 9순위,13NC,KIA 타이거즈,181,91,27.776929886145112
전상현,No.51,1996년 04월 18일,투수(우투우타),남도초-경복중-대구상원고-KIA-상무,7000만원,17000만원,16 KIA 2차 4라운드 38순위,16KIA,KIA 타이거즈,182,84,25.35925612848689
정해영,No.62,2001년 08월 23일,투수(우투우타),광주대성초-광주동성중-광주제일고,20000만원,20000만원,20 KIA 1차,20KIA,KIA 타이거즈,189,98,27.434842249657063
정해원,No.59,2004년 05월 21일,내야수(우투우타),제주신광초-덕수중-휘문고,10000만원,3100만원,23 KIA 3라운드 22순위,23KIA,KIA 타이거즈,185,87,25.4200146092038
조대현,No.67,2005년 02월 19일,투수(우투우타),남정초-영남중-강릉고,25000만원,3000만원,24 KIA 1라운드 6순위,24KIA,KIA 타이거즈,192,85,23.057725694444446
주효상,No.22,1997년 11월 11일,포수(우투좌타),역북초-강남중-서울고-히어로즈-키움,20000만원,4400만원,16 넥센 1차,16넥센,KIA 타이거즈,182,85,25.661152034778407
최수빈,No.013,1997년 04월 08일,내야수(우투좌타),갈산초-양천중-성남고-SK-SSG,4000만원,3100만원,16 SK 2차 8라운드 75순위,,KIA 타이거즈,176,80,25.826446280991732
최원준,No.16,1997년 03월 23일,외야수(우투좌타),연현초-서울경원중-서울고-KIA-상무,15000만원,22000만원,16 KIA 2차 1라운드 3순위,16KIA,KIA 타이거즈,178,85,26.82742078020452
최정용,No.23,1996년 10월 24일,내야수(우투좌타),서원초-세광중-세광고-삼성-SK-상무,11000만원,4300만원,15 삼성 2차 2라운드 15순위,15삼성,KIA 타이거즈,178,75,23.671253629592226
최지민,No.39,2003년 09월 10일,투수(좌투좌타),강릉율곡초(강릉리틀)-경포중-강릉고,15000만원,10000만원,22 KIA 2차 1라운드 5순위,22KIA,KIA 타이거즈,185,100,29.218407596785973
최지웅,No.035,2004년 05월 14일,투수(우투우타),탄천초-송전중-청담고,5000만원,3000만원,24 KIA 6라운드 56순위,,KIA 타이거즈,184,96,28.35538752362949
최형우,No.34,1983년 12월 16일,외야수(우투좌타),진북초-전주동중-전주고-삼성-경찰-삼성,5000만원,100000만원,02 삼성 2차 6라운드 48순위,02삼성,KIA 타이거즈,180,106,32.716049382716044
크로우,No.,1994년 09월 09일,투수(우투우타),미국 South Carolina(대),200000달러,600000달러,24 KIA 자유선발,24KIA,KIA 타이거즈,185,108,31.55588020452885
한승택,No.26,1994년 06월 21일,포수(우투우타),잠전초(남양주리틀)-잠신중-덕수고-한화-경찰,9000만원,6500만원,13 한화 3라운드 23순위,13한화,KIA 타이거즈,174,83,27.414453692693883
한준수,No.55,1999년 02월 13일,포수(우투좌타),광주서석초-광주동성중-광주동성고,16000만원,5000만원,18 KIA 1차,18KIA,KIA 타이거즈,184,95,28.060018903591683
홍원빈,No.021,2000년 10월 16일,투수(우투우타),안말초-강남중-덕수고,13000만원,3000만원,19 KIA 2차 1라운드 10순위,19KIA,KIA 타이거즈,195,101,26.56147271531887
홍종표,No.6,2000년 05월 02일,내야수(우투좌타),동막초-영남중-강릉고-KIA-상무,11000만원,3500만원,20 KIA 2차 2라운드 16순위,20KIA,KIA 타이거즈,178,72,22.724403484408533
황대인,No.52,1996년 02월 10일,내야수(우투우타),군산신풍초-자양중-경기고-KIA-상무,16000만원,8000만원,15 KIA 2차 1라운드 2순위,15KIA,KIA 타이거즈,178,100,31.561671506122963
황동하,No.41,2002년 07월 30일,투수(우투우타),진북초-전라중-인상고,4000만원,3500만원,22 KIA 2차 7라운드 65순위,23KIA,KIA 타이거즈,183,96,28.6661291767446
강민호,No.47,1985년 08월 18일,포수(우투우타),제주신광초-포철중-포철공고-(국제디지털대)-롯데,9000만원,40000만원,04 롯데 2차 3라운드 17순위,04롯데,삼성 라이온즈,185,100,29.218407596785973
강한울,No.6,1991년 09월 12일,내야수(우투좌타),사당초-중앙중-안산공고-원광대-KIA-삼성-상무,14000만원,10000만원,14 KIA 2차 1라운드 5순위,14KIA,삼성 라이온즈,181,66,20.1459051921492
공민규,No.9,1999년 09월 27일,내야수(우투좌타),서화초-동산중-인천고-삼성-상무,4000만원,4100만원,18 삼성 2차 8라운드 72순위,19삼성,삼성 라이온즈,183,85,25.38146854190928
구자욱,No.5,1993년 02월 12일,외야수(우투좌타),본리초-경복중-대구고-삼성-상무,13000만원,200000만원,12 삼성 2라운드 12순위,12삼성,삼성 라이온즈,189,75,20.99605274208449
김대우,No.17,1988년 11월 21일,투수(우언우타),역삼초-대치중-서울고-홍익대-히어로즈-상무-히어로즈,2000만원,10000만원,11 넥센 9라운드 67순위,11넥센,삼성 라이온즈,183,85,25.38146854190928
김대호,No.44,2001년 10월 15일,투수(우투우타),제주신광초-이평중-군산상고-고려대,,3000만원,24 삼성 육성선수,24삼성,삼성 라이온즈,185,100,29.218407596785973
김도환,No.42,2000년 04월 14일,포수(우투우타),언북초(의정부리틀)-영동중-신일고-삼성-상무,11000만원,5000만원,19 삼성 2차 2라운드 12순위,19삼성,삼성 라이온즈,178,90,28.40550435551067
김동엽,No.38,1990년 07월 24일,외야수(우투우타),천안남산초-천안북중-북일고-SK,,8000만원,16 SK 2차 9라운드 86순위,09시카고컵스,삼성 라이온즈,186,101,29.1941264886114
김동진,No.3,1996년 12월 18일,내야수(우투좌타),영랑초-설악중-설악고,6000만원,4500만원,21 삼성 2차 5라운드 43순위,22삼성,삼성 라이온즈,184,84,24.8109640831758
김동현,No.123,2001년 05월 25일,투수(우투우타),용현초(인천남구리틀)-동인천중-인천고-강릉영동대,,3000만원,24 삼성 육성선수,,삼성 라이온즈,186,95,27.45982194473349
김민수,No.12,1991년 03월 02일,포수(우투우타),대구옥산초-경복중-대구상원고-영남대-한화-상무,11000만원,4600만원,14 한화 2차 2라운드 24순위,14한화,삼성 라이온즈,177,80,25.53544639152223
김민호,No.121,2003년 12월 28일,내야수(우투우타),와우초(화성시리틀)-단월중-청담고,4000만원,3100만원,23 삼성 8라운드 78순위,,삼성 라이온즈,185,93,27.173119065010955
김서준,No.53,2003년 09월 01일,투수(우투우타),희망대초-대원중-경기항공고,6000만원,3400만원,22 삼성 2차 5라운드 43순위,22삼성,삼성 라이온즈,183,78,23.291229956104985
김성경,No.122,1999년 10월 01일,투수(우투우타),학강초-망운중-광주동성고-송원대(얼리 드래프트),7000만원,3000만원,24 삼성 5라운드 44순위,,삼성 라이온즈,181,84,25.640242971826257
김성윤,No.39,1999년 02월 02일,외야수(좌투좌타),창신초(부산진구리틀)-원동중-포항제철고,7000만원,10000만원,17 삼성 2차 4라운드 39순위,17삼성,삼성 라이온즈,163,62,23.335466144755166
김세민,No.101,2002년 03월 24일,포수(우투우타),광주서석초-창원신월중-청담고,4000만원,3000만원,21 삼성 2차 7라운드 63순위,,삼성 라이온즈,180,94,29.012345679012345
김시현,No.48,1998년 09월 26일,투수(우투우타),백운초-건대부중-강릉고,8000만원,3700만원,17 삼성 2차 3라운드 29순위,17삼성,삼성 라이온즈,181,89,27.16644791062544
김영웅,No.30,2003년 08월 24일,내야수(우투좌타),공주중동초-야로중-물금고,17000만원,3800만원,22 삼성 2차 1라운드 3순위,22삼성,삼성 라이온즈,183,81,24.187046492878256
김윤수,No.28,1999년 12월 08일,투수(우투우타),온양온천초-온양중-북일고-(대구대)-삼성-상무,5000만원,7000만원,18 삼성 2차 6라운드 52순위,19삼성,삼성 라이온즈,185,95,27.757487216946675
김재상,No.5,2004년 07월 26일,내야수(우투좌타),고명초-덕수중-경기상고-삼성-상무,10000만원,3200만원,23 삼성 3라운드 28순위,23삼성,상무 ,180,81,25.0
김재성,No.2,1996년 10월 30일,포수(우투좌타),신광초-성남중-덕수고-LG-경찰-LG,20000만원,7000만원,15 LG 1차,15LG,삼성 라이온즈,185,85,24.83564645726808
김재윤,No.62,1990년 09월 16일,투수(우투우타),서울도곡초-휘문중-휘문고-KT,,40000만원,15 KT 2차 특별 13순위,09애리조나,삼성 라이온즈,185,91,26.588750913075238
김재혁,No.8,1999년 12월 26일,외야수(우투우타),제주남초-제주제일중-제주고-동아대-삼성-상무,11000만원,3000만원,22 삼성 2차 2라운드 13순위,22삼성,삼성 라이온즈,182,85,25.661152034778407
김재형,No.124,2005년 11월 22일,포수(우투우타),봉천초-선린중-덕수고,3000만원,3000만원,24 삼성 10라운드 94순위,,삼성 라이온즈,186,102,29.48317724592438
김지찬,No.58,2001년 03월 08일,내야수(우투좌타),백사초(이천시리틀)-모가중-라온고,11000만원,16000만원,20 삼성 2차 2라운드 15순위,20삼성,삼성 라이온즈,163,64,24.088223117166624
김태우,No.113,1999년 09월 15일,투수(우투우타),대구옥산초-경운중-경북고,11000만원,3300만원,18 삼성 2차 2라운드 12순위,18삼성,삼성 라이온즈,193,92,24.69864962817794
김태훈,No.27,1992년 03월 02일,투수(우투우타),남부민초-대신중-부경고-히어로즈-경찰-히어로즈-키움,2000만원,17000만원,12 넥센 9라운드 79순위,12넥센,삼성 라이온즈,187,101,28.882724699019125
김태훈,No.25,1996년 03월 31일,외야수(우투좌타),진흥초(안산리틀)-평촌중-유신고-KT,6000만원,4100만원,15 KT 2차 5라운드 53순위,15KT,삼성 라이온즈,177,78,24.897060231734173
김헌곤,No.32,1988년 11월 09일,외야수(우투우타),회원초-경복중-제주관광고-영남대-삼성-상무,7000만원,6000만원,11 삼성 5라운드 36순위,11삼성,삼성 라이온즈,174,81,26.7538644470868
김현준,No.41,2002년 10월 11일,외야수(좌투좌타),가산초(부산진구리틀)-센텀중-개성고,3000만원,14000만원,21 삼성 2차 9라운드 83순위,21삼성,삼성 라이온즈,178,78,24.61810377477591
김호진,No.60,2005년 07월 16일,내야수(우투우타),송정동초-충장중-진흥고,6000만원,3000만원,24 삼성 6라운드 54순위,24삼성,삼성 라이온즈,183,84,25.082863029651524
디아즈,No.0,1996년 11월 19일,내야수(좌투좌타),도미니카 Daniel Smith(고),,50000달러,24 삼성 자유선발,24삼성,삼성 라이온즈,188,105,29.708012675418743
레예스,No.43,1996년 11월 02일,투수(우투우타),도미니카 Melida Altagracia Baez(고),100000달러,500000달러,24 삼성 자유선발,24삼성,삼성 라이온즈,198,113,28.823589429650035
류승민,No.57,2004년 10월 11일,외야수(좌투좌타),광주화정초-무등중-광주제일고-삼성-상무,5000만원,3500만원,23 삼성 7라운드 68순위,23삼성,상무 ,185,90,26.29656683710737
류지혁,No.16,1994년 01월 13일,내야수(우투좌타),청원초-선린중-충암고-두산-상무-두산-KIA,7000만원,20000만원,12 두산 4라운드 36순위,12두산,삼성 라이온즈,181,75,22.89307408198773
맥키넌,No.24,1994년 12월 15일,내야수(우투우타),미국 Hartford(대),100000달러,900000달러,24 삼성 자유선발,24삼성,삼성 라이온즈,188,101,28.57627885921232
박권후,No.49,2004년 05월 28일,투수(우투우타),진북초-전라중-전주고,13000만원,3100만원,23 삼성 2라운드 18순위,23삼성,삼성 라이온즈,184,80,23.62948960302457
박병호,No.59,1986년 07월 10일,내야수(우투우타),영일초(광명리틀)-영남중-성남고-상무-LG-히어로즈-미네소타-넥센-키움-KT,33000만원,70000만원,05 LG 1차,05LG,삼성 라이온즈,185,107,31.26369612856099
박시원,No.109,2004년 03월 16일,투수(우투우타),신도초-안산중앙중-유신고,4000만원,3000만원,23 삼성 9라운드 88순위,,삼성 라이온즈,187,96,27.45288684263204
박장민,No.116,2003년 09월 02일,내야수(우투우타),칠성초-경상중-대구고,3000만원,3100만원,23 삼성 10라운드 98순위,,삼성 라이온즈,179,80,24.9680097375238
박준용,No.66,2003년 12월 19일,투수(우투우타),북삼초(구미시리틀)-구미중-경북고-수성대,15000만원,3000만원,24 삼성 2라운드 14순위,24삼성,삼성 라이온즈,184,92,27.173913043478255
박진우,No.111,2003년 10월 14일,포수(우투우타),글꽃초(대전중구리틀)-현도중-청주고,3000만원,3000만원,23 삼성 11라운드 108순위,,삼성 라이온즈,176,87,28.08626033057851
백정현,No.29,1987년 07월 13일,투수(좌투좌타),대구옥산초-대구중-대구상원고,15000만원,40000만원,07 삼성 2차 1라운드 8순위,07삼성,삼성 라이온즈,184,80,23.62948960302457
서현원,No.,2004년 02월 28일,투수(우투우타),석교초-세광중-세광고,11000만원,3000만원,23 삼성 3라운드 23순위,23삼성,삼성 라이온즈,187,78,22.305470559638533
송은범,No.64,1984년 03월 17일,투수(우투우타),서흥초-동산중-동산고-SK-KIA-한화-LG,40000만원,5000만원,03 SK 1차,03SK,삼성 라이온즈,182,93,28.076319285110493
신경민,No.110,2004년 03월 16일,투수(우투우타),칠성초-경상중-대구고,5000만원,3000만원,24 삼성 7라운드 64순위,,삼성 라이온즈,186,103,29.77222800323737
안주형,No.14,1993년 08월 14일,내야수(우투좌타),부산중앙초-부산중-부경고-영남대,,5200만원,16 삼성 육성선수,17삼성,삼성 라이온즈,176,68,21.952479338842977
양도근,No.68,2003년 02월 06일,내야수(우투우타),인천동막초-상인천중-장안고-강릉영동대,,3000만원,24 삼성 육성선수,24삼성,삼성 라이온즈,173,72,24.0569347455645
양우현,No.63,2000년 04월 13일,내야수(우투좌타),남정초-충암중-충암고,8000만원,3700만원,19 삼성 2차 3라운드 22순위,19삼성,삼성 라이온즈,175,82,26.775510204081638
양현,No.19,1992년 08월 23일,투수(우언우타),영랑초-한밭중-대전고-두산-상무-히어로즈-키움,3000만원,9000만원,11 두산 10라운드 73순위,11두산,삼성 라이온즈,189,104,29.114526469023826
오승환,No.21,1982년 07월 15일,투수(우투우타),도신초-우신중-경기고-단국대-삼성-한신-세인트루이스-토론토-콜로라도,18000만원,40000만원,05 삼성 2차 1라운드 5순위,05삼성,삼성 라이온즈,178,93,29.35235450069436
오현석,No.103,2001년 03월 05일,내야수(우투좌타),고명초-홍은중-안산공고,8000만원,3300만원,21 삼성 2차 3라운드 23순위,21삼성,삼성 라이온즈,183,99,29.56194571351787
원태인,No.18,2000년 04월 06일,투수(우투우타),율하초(중구리틀)-경복중-경북고,35000만원,43000만원,19 삼성 1차,19삼성,삼성 라이온즈,183,92,27.47170712771357
유병선,No.102,2005년 09월 12일,투수(우투우타),무학초(성동구리틀)-청량중-경동고,3000만원,3000만원,24 삼성 11라운드 104순위,,삼성 라이온즈,181,84,25.640242971826257
육선엽,No.4,2005년 07월 13일,투수(우투우타),백마초-서울신월중-장충고,25000만원,3000만원,24 삼성 1라운드 4순위,24삼성,삼성 라이온즈,190,90,24.930747922437675
윤정빈,No.31,1999년 06월 24일,외야수(우투좌타),신도초-부천중-부천고-삼성-상무,7000만원,3700만원,18 삼성 2차 5라운드 42순위,18삼성,삼성 라이온즈,182,93,28.076319285110493
이민호,No.100,1993년 08월 11일,투수(우투우타),부산수영초-부산중-부산고-NC,30000만원,4500만원,12 NC 우선지명,12NC,삼성 라이온즈,185,90,26.29656683710737
이병헌,No.23,1999년 10월 26일,포수(우투우타),인천숭의초-인천신흥중-제물포고,8000만원,4000만원,19 삼성 2차 4라운드 32순위,19삼성,삼성 라이온즈,180,87,26.85185185185185
이상민,No.15,1990년 11월 04일,투수(좌투좌타),남도초(수성리틀)-대구중-경북고-동의대-NC-히어로즈-경찰-히어로즈-키움,4000만원,6500만원,13 NC 7라운드 66순위,13NC,삼성 라이온즈,180,85,26.234567901234566
이성규,No.13,1993년 08월 03일,외야수(우투우타),광주대성초-광주동성중-광주동성고-인하대-삼성-경찰,8000만원,6000만원,16 삼성 2차 4라운드 31순위,16삼성,삼성 라이온즈,178,82,25.88057063502083
이승민,No.35,2000년 08월 26일,투수(좌투좌타),본리초-경상중-대구고-삼성-상무,7000만원,4100만원,20 삼성 2차 4라운드 35순위,20삼성,삼성 라이온즈,174,79,26.09327520147972
이승현,No.57,2002년 05월 19일,투수(좌투좌타),남도초-경복중-대구상원고,35000만원,7000만원,21 삼성 1차,21삼성,삼성 라이온즈,183,102,30.457762250291136
이승현,No.20,1991년 11월 20일,투수(우투우타),화순초-진흥중-화순고-LG,10000만원,17000만원,10 LG 2라운드 16순위,10LG,삼성 라이온즈,181,92,28.082170873904943
이재익,No.1,1994년 03월 18일,투수(좌투좌타),삼일초-중앙중-유신고,4000만원,8200만원,13 삼성 8라운드 68순위,20삼성,삼성 라이온즈,180,76,23.456790123456788
이재현,No.7,2003년 02월 04일,내야수(우투우타),서울이수초-선린중-서울고,22000만원,14000만원,22 삼성 1차,22삼성,삼성 라이온즈,180,82,25.30864197530864
이재호,No.119,2001년 05월 20일,내야수(우투우타),가동초-청량중-휘문고-동국대,4000만원,3000만원,24 삼성 9라운드 84순위,,삼성 라이온즈,180,82,25.30864197530864
이창용,No.50,1999년 06월 03일,내야수(우투우타),을지초(노원구리틀)-청량중-신흥고-강릉영동대,4000만원,3000만원,21 삼성 2차 8라운드 73순위,24삼성,삼성 라이온즈,184,89,26.28780718336484
이현준,No.118,2001년 04월 20일,내야수(우투우타),연현초-금릉중-비봉고-한양대,4000만원,3000만원,24 삼성 8라운드 74순위,,삼성 라이온즈,182,80,24.151672503320853
이호성,No.55,2004년 08월 14일,투수(우투우타),도원초(부천소사리틀)-동인천중-인천고,20000만원,3200만원,23 삼성 1라운드 8순위,23삼성,삼성 라이온즈,184,87,25.697069943289225
임창민,No.45,1985년 08월 25일,투수(우투우타),광주대성초-광주동성중-광주동성고-연세대-히어로즈-경찰-히어로즈-NC-두산,7000만원,20000만원,08 현대 2차 2라운드 11순위,08우리,삼성 라이온즈,183,94,28.068918152229088
장재혁,No.117,2002년 08월 16일,투수(우투우타),정평초(경산시리틀)-대구중-경북고,3000만원,3300만원,22 삼성 2차 9라운드 83순위,,삼성 라이온즈,177,79,25.2162533116282
장필준,No.26,1988년 04월 08일,투수(우투우타),온양온천초-온양중-북일고-상무,,7000만원,15 삼성 2차 1라운드 9순위,07상무,삼성 라이온즈,190,90,24.930747922437675
전병우,No.34,1992년 10월 24일,내야수(우투우타),동삼초-경남중-개성고-동아대-롯데-키움,9000만원,6000만원,15 롯데 2차 3라운드 28순위,18롯데,삼성 라이온즈,182,93,28.076319285110493
정민성,No.67,2005년 05월 09일,투수(우투우타),군산중앙초-군산중-군산상일고,8000만원,3000만원,24 삼성 4라운드 34순위,24삼성,삼성 라이온즈,184,98,28.946124763705104
정진수,No.112,1997년 09월 25일,포수(우투좌타),천안남산초-영동중-휘문고-연세대,5000만원,3200만원,20 삼성 2차 7라운드 65순위,,삼성 라이온즈,177,93,29.68495643014459
주한울,No.104,2002년 06월 08일,외야수(우투우타),성동초-건대부중-배명고,7000만원,3000만원,21 삼성 2차 4라운드 33순위,21삼성,삼성 라이온즈,183,83,24.78425751739377
차동영,No.106,2002년 11월 01일,포수(우투우타),갈곡초(기흥구리틀)-모가중-강릉고,8000만원,,22 삼성 2차 3라운드 23순위,22삼성,삼성 라이온즈,181,82,25.029760996306585
최성훈,No.54,1989년 10월 11일,투수(좌투좌타),가동초-잠신중-경기고-경희대-LG,11000만원,10000만원,12 LG 2라운드 16순위,12LG,삼성 라이온즈,178,75,23.671253629592226
최지광,No.40,1998년 03월 13일,투수(우투우타),감천초-대신중-부산고-삼성-상무,13000만원,14000만원,17 삼성 2차 1라운드 9순위,17삼성,삼성 라이온즈,173,85,28.40054796351365
최채흥,No.56,1995년 01월 22일,투수(좌투좌타),동천초-포항중-대구상원고-한양대-삼성-상무,30000만원,15000만원,18 삼성 1차,18삼성,삼성 라이온즈,186,97,28.037923459359455
최충연,No.51,1997년 03월 05일,투수(우투우타),대구수창초-대구중-경북고,28000만원,4700만원,16 삼성 1차,16삼성,삼성 라이온즈,190,85,23.545706371191137
최하늘,No.37,1999년 03월 26일,투수(우언우타),서울학동초-자양중-경기고-롯데-상무,5000만원,4100만원,18 롯데 2차 7라운드 63순위,19롯데,삼성 라이온즈,190,99,27.42382271468144
카데나스,No.,1997년 10월 10일,외야수(우투우타),미국 California State(대),,327000달러,24 삼성 자유선발,24삼성,삼성 라이온즈,185,83,24.25127830533236
코너,No.52,1996년 01월 24일,투수(우투우타),미국 California State(대),100000달러,800000달러,24 삼성 자유선발,24삼성,삼성 라이온즈,188,95,26.87867813490267
한연욱,No.115,2001년 02월 11일,투수(우투우타),대구수창초-대구중-대구고,3000만원,3300만원,20 삼성 2차 9라운드 85순위,,삼성 라이온즈,188,84,23.766410140334997
홍무원,No.46,2002년 01월 11일,투수(우투우타),신남초(인천시리틀)-서울신월중-경기고,10000만원,3500만원,21 삼성 2차 2라운드 13순위,21삼성,삼성 라이온즈,188,92,26.02987777274785
홍원표,No.65,2001년 03월 27일,투수(우투우타),신도초-부천중-부천고,8000만원,3300만원,20 삼성 2차 3라운드 25순위,20삼성,삼성 라이온즈,183,86,25.68007405416704
홍정우,No.11,1996년 03월 16일,투수(우투우타),도신초-강남중-충암고-경찰,8000만원,6000만원,15 삼성 2차 4라운드 35순위,16경찰,삼성 라이온즈,182,85,25.661152034778407
황동재,No.61,2001년 11월 03일,투수(우투우타),율하초-경운중-경북고,23000만원,4100만원,20 삼성 1차,20삼성,삼성 라이온즈,191,97,26.589183410542475
강민,No.100,2001년 04월 20일,투수(우투우타),수유초-홍은중-서울고,8000만원,3000만원,20 LG 2차 4라운드 33순위,,LG 트윈스,188,88,24.898143956541425
강석현,No.104,2005년 05월 17일,투수(좌투좌타),명동초(광진리틀)-구리인창중-구리인창고,4000만원,3000만원,24 LG 9라운드 88순위,,LG 트윈스,185,90,26.29656683710737
강효종,No.46,2002년 10월 14일,투수(우투우타),저동초(일산서구리틀)-충암중-충암고,20000만원,3800만원,21 LG 1차,21LG,LG 트윈스,184,86,25.401701323251416
구본혁,No.6,1997년 01월 11일,내야수(우투우타),중대초-잠신중-장충고-동국대-LG-상무,5000만원,7000만원,19 LG 2차 6라운드 55순위,19LG,LG 트윈스,177,75,23.93948099205209
김단우,No.109,2001년 01월 05일,투수(우투우타),서화초-석남중-성지고,3000만원,3000만원,21 LG 2차 8라운드 77순위,,LG 트윈스,188,96,27.16161158895428
김대원,No.64,2001년 11월 07일,내야수(우투우타),백마초-원당중-충훈고-홍익대,7000만원,3000만원,24 LG 5라운드 48순위,24LG,LG 트윈스,172,70,23.661438615467823
김대현,No.12,1997년 03월 08일,투수(우투우타),홍연초(마포구리틀)-홍은중-선린인터넷고,27000만원,5700만원,16 LG 1차,16LG,LG 트윈스,188,100,28.293345405160707
김도윤,No.107,2005년 02월 17일,내야수(우투우타),화중초(덕양구리틀)-경기신일중-야탑고,3000만원,3000만원,24 LG 10라운드 98순위,,LG 트윈스,180,71,21.91358024691358
김민수,No.53,1998년 03월 18일,내야수(우투우타),서화초-동산중-제물포고-롯데-경찰-롯데,11000만원,6000만원,17 롯데 2차 2라운드 13순위,17롯데,LG 트윈스,184,97,28.65075614366729
김범석,No.55,2004년 05월 21일,포수(우투우타),김해삼성초-경남중-경남고,25000만원,3300만원,23 LG 1라운드 7순위,23LG,LG 트윈스,178,110,34.71783865673526
김성우,No.44,2003년 11월 15일,포수(우투우타),성동초-건대부중-배재고,5000만원,3100만원,22 LG 2차 7라운드 67순위,24LG,LG 트윈스,180,85,26.234567901234566
김성진,No.36,2000년 03월 17일,내야수(우투우타),수원신곡초-매향중-야탑고,5000만원,3100만원,19 LG 2차 7라운드 65순위,20LG,LG 트윈스,183,100,29.860551225775623
김수인,No.43,1997년 10월 19일,내야수(우투우타),광주화정초-자양중-신일고-중앙대,,3000만원,20 LG 육성선수,24LG,LG 트윈스,178,81,25.5649539199596
김영준,No.35,1999년 01월 12일,투수(우투우타),인천연학초-선린중-선린인터넷고,25000만원,3600만원,18 LG 1차,18LG,LG 트윈스,185,90,26.29656683710737
김유민,No.117,2003년 01월 18일,내야수(우투우타),화곡초-영남중-덕수고,4000만원,,21 LG 2차 7라운드 67순위,,LG 트윈스,183,80,23.888440980620494
김유영,No.0,1994년 05월 02일,투수(좌투좌타),양정초-개성중-경남고-롯데-상무-롯데,20000만원,6700만원,14 롯데 1차,14롯데,LG 트윈스,180,83,25.61728395061728
김윤식,No.,2000년 04월 03일,투수(좌투좌타),광주서석초-무등중-진흥고,20000만원,12000만원,20 LG 2차 1라운드 3순위,20LG,LG 트윈스,181,83,25.33500198406642
김의준,No.115,1999년 10월 16일,투수(우투우타),학강초-광주동성중-광주동성고,5000만원,3000만원,18 LG 2차 6라운드 57순위,,LG 트윈스,183,80,23.888440980620494
김종우,No.103,2005년 02월 07일,투수(우투우타),의왕부곡초-이수중-휘문고,4000만원,3000만원,24 LG 8라운드 78순위,,LG 트윈스,187,90,25.737081414967538
김주성,No.5,1998년 01월 30일,내야수(우투우타),수원신곡초-덕수중-휘문고,10000만원,3500만원,16 LG 2차 2라운드 14순위,16LG,LG 트윈스,180,81,25.0
김주온,No.52,1996년 12월 08일,투수(우투우타),울산대현초-구미중-울산공고-SK-SSG,5000만원,3000만원,15 삼성 2차 7라운드 72순위,20SK,LG 트윈스,187,89,25.45111384369012
김지용,No.120,2002년 10월 07일,투수(좌투좌타),구리초(구리리틀)-구리인창중-라온고,4000만원,,21 LG 2차 6라운드 57순위,,LG 트윈스,180,75,23.148148148148145
김진성,No.42,1985년 03월 07일,투수(우투우타),인헌초-성남중-성남서고-SK-NC,,20000만원,04 SK 2차 6라운드 42순위,05SK,LG 트윈스,186,90,26.01456815816857
김진수,No.45,1998년 08월 31일,투수(우투우타),이세초-군산중-군산상고-중앙대,10000만원,3200만원,21 LG 2차 2라운드 17순위,21LG,LG 트윈스,179,82,25.592209980961893
김현수,No.22,1988년 01월 12일,외야수(우투좌타),쌍문초-신일중-신일고-두산-볼티모어-필라델피아,,100000만원,06 두산 육성선수,06두산,LG 트윈스,188,105,29.708012675418743
김현종,No.66,2004년 08월 04일,외야수(우투우타),상인천초-동인천중-인천고,15000만원,3000만원,24 LG 2라운드 18순위,24LG,LG 트윈스,186,85,24.56931437160365
김형욱,No.102,2002년 01월 29일,내야수(우투우타),동일중앙초-부산중-부산고,6000만원,3000만원,21 LG 2차 5라운드 47순위,,LG 트윈스,187,90,25.737081414967538
문보경,No.2,2000년 07월 19일,내야수(우투좌타),송중초(동대문구리틀)-덕수중-신일고,8000만원,30000만원,19 LG 2차 3라운드 25순위,21LG,LG 트윈스,182,88,26.56683975365294
문성주,No.8,1997년 02월 20일,외야수(좌투좌타),포항서초-포항제철중-경북고-강릉영동대,3000만원,20000만원,18 LG 2차 10라운드 97순위,18LG,LG 트윈스,175,78,25.46938775510204
문정빈,No.118,2003년 08월 15일,내야수(우투우타),가동초-잠신중-서울고,4000만원,,22 LG 2차 8라운드 77순위,,LG 트윈스,186,90,26.01456815816857
박건우,No.123,1998년 10월 19일,내야수(우투좌타),송정동초-광주동성중-광주동성고-단국대,,3000만원,24 LG 육성선수,,LG 트윈스,180,85,26.234567901234566
박동원,No.27,1990년 04월 07일,포수(우투우타),양정초-개성중-개성고-히어로즈-상무-히어로즈-키움-KIA,6000만원,250000만원,09 히어로즈 2차 3라운드 19순위,09히어로즈,LG 트윈스,178,92,29.036737785633125
박명근,No.39,2004년 03월 27일,투수(우언우타),수택초(구리리틀)-구리인창중-라온고,11000만원,6500만원,23 LG 3라운드 27순위,23LG,LG 트윈스,174,75,24.77209671026556
박민호,No.106,1998년 04월 06일,포수(우투우타),본리초-경상중-대구상원고-경남대,3000만원,3000만원,21 LG 2차 10라운드 97순위,,LG 트윈스,177,80,25.53544639152223
박해민,No.17,1990년 02월 24일,외야수(우투좌타),영중초-양천중-신일고-한양대-삼성,,60000만원,12 삼성 육성선수,12삼성,LG 트윈스,180,75,23.148148148148145
배강,No.116,2005년 11월 04일,포수(우투우타),학강초-광주북성중-광주제일고,5000만원,3000만원,24 LG 7라운드 68순위,,LG 트윈스,185,95,27.757487216946675
배재준,No.25,1994년 11월 24일,투수(우투우타),본리초-경상중-대구상원고,10000만원,6000만원,13 LG 2라운드 16순위,16LG,LG 트윈스,188,85,24.049343594386603
백선기,No.114,1998년 08월 27일,투수(좌투좌타),남도초-경상중-대구상원고-KT,5000만원,3000만원,18 KT 2차 7라운드 61순위,,LG 트윈스,186,70,20.23355301190889
백승현,No.18,1995년 05월 26일,투수(우투우타),소래초-상인천중-인천고,7000만원,9200만원,15 LG 2차 3라운드 30순위,17LG,LG 트윈스,183,90,26.874496103198062
성동현,No.58,1999년 05월 18일,투수(우투우타),백마초-홍은중-장충고,15000만원,3200만원,18 LG 2차 1라운드 7순위,18LG,LG 트윈스,189,108,30.234315948601665
손용준,No.56,2000년 02월 15일,내야수(우투우타),김해화정초(김해리틀)-내동중-김해고-동원과학기술대,10000만원,3000만원,24 LG 3라운드 28순위,24LG,LG 트윈스,178,85,26.82742078020452
손주영,No.29,1998년 12월 02일,투수(좌투좌타),울산대현초-개성중-경남고,15000만원,4300만원,17 LG 2차 1라운드 2순위,17LG,LG 트윈스,191,95,26.040952824758094
송찬의,No.14,1999년 02월 20일,내야수(우투우타),화곡초-선린중-선린인터넷고,5000만원,3600만원,18 LG 2차 7라운드 67순위,22LG,LG 트윈스,182,77,23.24598478444632
신민재,No.4,1996년 01월 21일,내야수(우투좌타),서흥초-동인천중-인천고,,11500만원,15 두산 육성선수,19LG,LG 트윈스,171,67,22.91303307000445
심규빈,No.108,2001년 03월 27일,외야수(우투좌타),잠전초(동대문구리틀)-언북중-서울고-성균관대,3000만원,3000만원,24 LG 11라운드 108순위,,LG 트윈스,181,81,24.724520008546747
안익훈,No.15,1996년 02월 12일,외야수(좌투좌타),대전신흥초-충남중-대전고,12000만원,5500만원,15 LG 2차 1라운드 7순위,15LG,LG 트윈스,176,76,24.535123966942148
에르난데스,No.19,1995년 05월 03일,투수(우투우타),베네수엘라 U.E.N Monsenor Perez Leon(고),,440000달러,24 LG 자유선발,24LG,LG 트윈스,185,97,28.341855368882392
엔스,No.34,1991년 05월 16일,투수(좌투좌타),미국 Central Michigan,300000달러,600000달러,24 LG 자유선발,24LG,LG 트윈스,185,95,27.757487216946675
오스틴,No.23,1993년 10월 14일,내야수(우투우타),미국 Klein Collins(고),100000달러,800000달러,23 LG 자유선발,23LG,LG 트윈스,183,97,28.96473468900236
오승윤,No.105,2001년 06월 25일,투수(좌투좌타),광주화정초-광주동성중-광주동성고-강릉영동대,,3000만원,24 LG 육성선수,,LG 트윈스,178,84,26.511804065143288
오지환,No.10,1990년 03월 12일,내야수(우투좌타),군산초-자양중-경기고,28000만원,30000만원,09 LG 1차,09LG,LG 트윈스,185,80,23.37472607742878
우강훈,No.61,2002년 10월 03일,투수(우언우타),희망대초-매송중-야탑고-롯데,4000만원,3100만원,21 롯데 2차 5라운드 41순위,23롯데,LG 트윈스,183,88,26.27728507868255
유영찬,No.54,1997년 03월 07일,투수(우투우타),덕성초(안산리틀)-배명중-배명고-건국대,,8500만원,20 LG 2차 5라운드 43순위,23LG,LG 트윈스,185,90,26.29656683710737
윤호솔,No.28,1994년 07월 15일,투수(우투우타),온양온천초-온양중-북일고-NC-한화,60000만원,7000만원,13 NC 우선지명,13NC,LG 트윈스,183,110,32.846606348353184
이믿음,No.37,2000년 07월 18일,투수(우투우타),노암초-경포중-강릉고-강릉영동대,7000만원,3000만원,21 LG 2차 4라운드 37순위,24LG,LG 트윈스,188,80,22.634676324128566
이상영,No.26,2000년 12월 03일,투수(좌투좌타),부산수영초-개성중-부산고-LG-상무,15000만원,5000만원,19 LG 2차 1라운드 5순위,19LG,LG 트윈스,193,95,25.50404037692287
이영빈,No.7,2002년 06월 17일,내야수(우투좌타),대전동산초(대전중구리틀)-충남중-세광고-LG-상무,13000만원,5500만원,21 LG 2차 1라운드 7순위,21LG,LG 트윈스,181,85,25.94548395958609
이우찬,No.21,1992년 08월 04일,투수(좌투좌타),온양온천초-온양중-북일고-LG-경찰,11000만원,12500만원,11 LG 2라운드 15순위,11LG,LG 트윈스,185,97,28.341855368882392
이재원,No.52,1999년 07월 17일,외야수(우투우타),청주석교초-서울경원중-서울고-LG-상무,10000만원,7000만원,18 LG 2차 2라운드 17순위,20LG,상무 ,192,105,28.483072916666668
이종준,No.40,2001년 03월 09일,투수(우투우타),군산중앙초-군산남중-군산상고,3000만원,3000만원,20 NC 2차 9라운드 81순위,24LG,LG 트윈스,191,93,25.492722238973712
이주헌,No.63,2003년 03월 04일,포수(우투우타),서울이수초-성남중-성남고,7000만원,3000만원,22 LG 2차 3라운드 27순위,22LG,LG 트윈스,185,92,26.88093498904309
이지강,No.50,1999년 07월 02일,투수(우투우타),수원선일초-수원북중-소래고,3000만원,6800만원,19 LG 2차 9라운드 85순위,22LG,LG 트윈스,183,85,25.38146854190928
이지훈,No.65,2003년 03월 04일,투수(우투우타),대지초-매송중-야탑고,7000만원,3000만원,22 LG 2차 4라운드 37순위,22LG,LG 트윈스,188,92,26.02987777274785
이태겸,No.110,2001년 04월 18일,외야수(우투우타),부산수영초-대천중-개성고-단국대,,3000만원,24 LG 육성선수,,LG 트윈스,180,92,28.39506172839506
임준형,No.59,2000년 11월 16일,투수(좌투좌타),광주서석초-진흥중-진흥고-LG-상무,4000만원,4800만원,19 LG 2차 8라운드 75순위,21LG,LG 트윈스,180,87,26.85185185185185
임찬규,No.1,1992년 11월 20일,투수(우투우타),가동초-청원중-휘문고-LG-경찰,30000만원,20000만원,11 LG 1라운드 2순위,11LG,LG 트윈스,185,80,23.37472607742878
전준호,No.32,1998년 07월 01일,포수(우투우타),양도초-강남중-청원고,3000만원,3300만원,17 LG 2차 10라운드 92순위,19LG,LG 트윈스,181,80,24.41927902078691
전진영,No.122,1998년 04월 30일,외야수(우투좌타),영일초-영남중-성남고-경희대-KT,,3000만원,21 KT 육성선수,22KT,LG 트윈스,177,77,24.577867151840145
정우영,No.16,1999년 08월 19일,투수(우언우타),가평초-강남중-서울고,10000만원,32000만원,19 LG 2차 2라운드 15순위,19LG,LG 트윈스,193,99,26.577894708582782
정지헌,No.49,2003년 12월 11일,투수(우언우타),동수원초(수원영통리틀)-매향중-유신고-고려대(얼리 드래프트),6000만원,3000만원,24 LG 6라운드 58순위,24LG,LG 트윈스,180,85,26.234567901234566
조건희,No.101,2002년 03월 26일,투수(좌투좌타),계상초(노원구리틀)-상명중-서울고,7000만원,3000만원,21 LG 2차 3라운드 27순위,21LG,LG 트윈스,184,84,24.8109640831758
진우영,No.48,2001년 02월 05일,투수(우투우타),성동초-글로벌선진학교,,3000만원,24 LG 4라운드 38순위,24LG,LG 트윈스,188,97,27.44454504300589
최동환,No.13,1989년 09월 19일,투수(우투우타),인헌초-선린중-경동고,12000만원,13000만원,09 LG 2차 2라운드 13순위,09LG,LG 트윈스,184,83,24.515595463137995
최명경,No.57,2001년 06월 14일,외야수(우투좌타),여수서초-여수중-효천고-동아대,,3000만원,24 LG 육성선수,24LG,LG 트윈스,177,80,25.53544639152223
최승민,No.62,1996년 07월 01일,외야수(우투좌타),서울학동초-대치중-신일고-상무-NC,,4000만원,15 NC 육성선수,17상무,LG 트윈스,181,73,22.28259210646805
최용하,No.60,2002년 11월 29일,투수(우언우타),응암초(서대문구리틀)-동도중-서울디자인고,10000만원,3000만원,22 LG 2차 2라운드 17순위,22LG,LG 트윈스,183,84,25.082863029651524
최원영,No.38,2003년 07월 18일,외야수(우투우타),부산수영초-사직중-부산고,5000만원,3000만원,22 LG 2차 6라운드 57순위,24LG,LG 트윈스,174,76,25.102391333069097
최원태,No.20,1997년 01월 07일,투수(우투우타),인헌초(용산구리틀)-서울경원중-서울고-히어로즈-키움,35000만원,40000만원,15 넥센 1차,15넥센,LG 트윈스,184,104,30.718336483931942
켈리,No.,1989년 10월 04일,투수(우투우타),미국 Sarasota(고)-LG,300000달러,800000달러,19 LG 자유선발,19LG,LG 트윈스,191,98,26.863298703434666
하영진,No.119,2001년 02월 28일,투수(우투우타),안산상록초-원주중-원주고,6000만원,3000만원,20 LG 2차 6라운드 53순위,,LG 트윈스,182,80,24.151672503320853
한지용,No.113,2001년 07월 20일,내야수(우투좌타),화곡초-영남중-신일고-KT,5000만원,3000만원,20 KT 2차 7라운드 62순위,20KT,LG 트윈스,184,90,26.583175803402646
함덕주,No.11,1995년 01월 13일,투수(좌투좌타),일산초-원주중-원주고-두산,6000만원,20000만원,13 두산 5라운드 43순위,13두산,LG 트윈스,181,78,23.80879704526724
함창건,No.24,2001년 08월 18일,외야수(좌투좌타),백운초-충암중-충암고,5000만원,3000만원,20 LG 2차 7라운드 63순위,24LG,LG 트윈스,176,83,26.794938016528928
허도환,No.30,1984년 07월 31일,포수(우투우타),서울학동초-서울이수중-서울고-단국대-두산-히어로즈-한화-SK-KT,,10000만원,03 두산 2차 7라운드 56순위,07두산,LG 트윈스,176,90,29.054752066115704
허용주,No.111,2003년 06월 05일,투수(우투우타),사파초-마산동중-용마고,5000만원,3000만원,23 LG 7라운드 67순위,,LG 트윈스,194,88,23.381868423849507
홍창기,No.51,1993년 11월 21일,외야수(우투좌타),대일초-매송중-안산공고-건국대-LG-경찰,8000만원,51000만원,16 LG 2차 3라운드 27순위,16LG,LG 트윈스,189,94,26.315052770079227
강동형,No.126,1999년 12월 07일,외야수(우투좌타),용인초(구리리틀)-마산중-배명고-경성대,4000만원,,22 두산 2차 7라운드 69순위,,두산 베어스,186,86,24.858365128916635
강승호,No.23,1994년 02월 09일,내야수(우투우타),순천북초-천안북중-북일고-LG-경찰-LG-SK,20000만원,25500만원,13 LG 1라운드 3순위,13LG,두산 베어스,178,88,27.77427092538821
강태완,No.68,2004년 09월 17일,외야수(좌투좌타),대청초(장유리틀)-원동중-대구상원고,8000만원,3000만원,24 두산 4라운드 32순위,,두산 베어스,186,88,25.4364666435426
강현구,No.60,2002년 06월 16일,외야수(우투우타),서울도림초(인천남동구리틀)-동산중-인천고,7000만원,3000만원,21 두산 2차 3라운드 30순위,21두산,두산 베어스,186,98,28.326974216672443
곽빈,No.47,1999년 05월 28일,투수(우투우타),서울학동초-자양중-배명고,30000만원,21000만원,18 두산 1차,18두산,두산 베어스,187,95,27.166919271354622
권민석,No.34,1999년 02월 20일,내야수(우투우타),영랑초(수원영통구리틀)-설악중-강릉고,3000만원,3100만원,18 두산 2차 10라운드 100순위,18두산,두산 베어스,184,74,21.85727788279773
권휘,No.39,2000년 12월 07일,투수(우투우타),대림초-강남중-덕수고,,3700만원,20 두산 육성선수,20두산,두산 베어스,181,87,26.555965935105768
김강률,No.27,1988년 08월 28일,투수(우투우타),문촌초(일산리틀)-장성중-경기고-두산-상무,8000만원,15000만원,07 두산 2차 4라운드 26순위,07두산,두산 베어스,187,95,27.166919271354622
김기연,No.45,1997년 09월 07일,포수(우투우타),광주수창초-진흥중-진흥고-LG,7000만원,4000만원,16 LG 2차 4라운드 34순위,17LG,두산 베어스,178,106,33.45537179649034
김대한,No.37,2000년 12월 06일,외야수(우투우타),숭인초(강북구리틀)-덕수중-휘문고,35000만원,3700만원,19 두산 1차,19두산,두산 베어스,185,83,24.25127830533236
김도윤,No.66,2002년 06월 28일,투수(우투좌타),신도초(계룡시리틀)-현도중-청주고,6000만원,3100만원,21 두산 2차 4라운드 40순위,21두산,두산 베어스,181,83,25.33500198406642
김동주,No.41,2002년 02월 14일,투수(우투우타),갈산초-양천중-선린인터넷고,12000만원,5500만원,21 두산 2차 1라운드 10순위,21두산,두산 베어스,190,90,24.930747922437675
김동준,No.124,2002년 09월 04일,외야수(좌투좌타),군산신풍초-군산중-군산상고,13000만원,,22 두산 2차 1라운드 9순위,22두산,두산 베어스,193,100,26.84635829149776
김명신,No.46,1993년 11월 29일,투수(우투우타),남도초-대구중-경북고-경성대,10000만원,22500만원,17 두산 2차 2라운드 20순위,17두산,두산 베어스,178,90,28.40550435551067
김무빈,No.115,2005년 04월 11일,투수(좌투좌타),역삼초-대치중-신일고,5000만원,3000만원,24 두산 7라운드 62순위,,두산 베어스,181,85,25.94548395958609
김문수,No.102,2004년 03월 29일,외야수(우투좌타),강남초-서울이수중-경기고,3000만원,3000만원,23 두산 9라운드 89순위,24두산,두산 베어스,188,94,26.595744680851062
김민규,No.19,1999년 05월 07일,투수(우투좌타),장평초(광진구리틀)-잠신중-휘문고-두산-상무,8000만원,5000만원,18 두산 2차 3라운드 30순위,18두산,두산 베어스,183,90,26.874496103198062
김민혁,No.10,1996년 05월 03일,내야수(우투우타),광주대성초-광주동성중-광주동성고,10000만원,3800만원,15 두산 2차 2라운드 16순위,17두산,두산 베어스,188,100,28.293345405160707
김유성,No.62,2002년 01월 01일,투수(우투우타),김해삼성초-내동중-김해고-고려대(얼리 드래프트),15000만원,3000만원,23 두산 2라운드 19순위,23두산,두산 베어스,190,98,27.14681440443213
김인태,No.33,1994년 07월 03일,외야수(좌투좌타),포항제철서초-천안북중-북일고-두산-경찰,20000만원,9000만원,13 두산 1라운드 4순위,13두산,두산 베어스,178,78,24.61810377477591
김재호,No.52,1985년 03월 21일,내야수(우투우타),남정초-중앙중-중앙고-두산-상무,20000만원,30000만원,04 두산 1차,04두산,두산 베어스,181,75,22.89307408198773
김재환,No.32,1988년 09월 22일,외야수(우투좌타),영랑초-상인천중-인천고-두산-상무,15000만원,150000만원,08 두산 2차 1라운드 4순위,08두산,두산 베어스,183,90,26.874496103198062
김정우,No.30,1999년 05월 15일,투수(우투우타),소래초-동산중-동산고-SK-상무-SSG,16000만원,3100만원,18 SK 1차,18SK,두산 베어스,183,87,25.97867956642479
김태근,No.8,1996년 08월 10일,외야수(우투우타),광진초(광진구리틀)-건대부중-배명고-건국대-두산-상무,6000만원,3400만원,19 두산 2차 5라운드 49순위,19두산,두산 베어스,175,74,24.163265306122447
김태완,No.117,2005년 03월 29일,투수(우투우타),문창초(금천구리틀)-강남중-선린인터넷고,3000만원,3000만원,24 두산 9라운드 82순위,,두산 베어스,184,87,25.697069943289225
김택연,No.63,2005년 06월 03일,투수(우투우타),동막초-상인천중-인천고,35000만원,3000만원,24 두산 1라운드 2순위,24두산,두산 베어스,181,88,26.8612069228656
김호준,No.56,1998년 05월 17일,투수(좌투좌타),원주일산초-성남성일중-안산공고,,3100만원,18 두산 육성선수,19두산,두산 베어스,180,82,25.30864197530864
남율,No.107,2004년 04월 08일,투수(우투우타),서울도곡초-휘문중-휘문고,3000만원,3000만원,23 두산 11라운드 109순위,,두산 베어스,183,76,22.69401893158948
남호,No.94,2000년 07월 20일,투수(좌투좌타),연천초-수원북중-유신고-LG,6000만원,,19 LG 2차 5라운드 45순위,20LG,두산 베어스,185,86,25.127830533235937
니퍼트,No.,1981년 05월 06일,투수(우투우타),미국 West Virginia(대)-두산-KT,100000달러,,11 두산 자유선발,11두산,두산 베어스,203,103,24.994540027663867
라모스,No.,1992년 04월 15일,외야수(우투양타),푸에르토리코 Alfonso Casta Martinez(고)-KT,100000달러,550000달러,22 KT 자유선발,22KT,두산 베어스,183,97,28.96473468900236
류현준,No.11,2005년 03월 25일,포수(우투우타),문정초(송파구리틀)-배재중-장충고,3000만원,3000만원,24 두산 10라운드 92순위,24두산,두산 베어스,182,92,27.77442337881898
문원,No.100,1998년 08월 22일,투수(우투우타),사당초-휘문중-강릉고,7000만원,3000만원,17 두산 2차 4라운드 40순위,17두산,두산 베어스,187,91,26.023048986244955
박계범,No.14,1996년 01월 11일,내야수(우투우타),순천북초-순천이수중-효천고-삼성-상무-삼성,11000만원,8500만원,14 삼성 2차 2라운드 17순위,14삼성,두산 베어스,177,84,26.812218711098343
박민준,No.26,2002년 10월 21일,포수(우투우타),아라초-마산동중-용마고-동강대,4000만원,3000만원,23 두산 8라운드 79순위,24두산,두산 베어스,183,95,28.367523664486843
박소준,No.18,1995년 01월 21일,투수(우투우타),청주우암초-청주중-청주고,,3300만원,13 두산 육성선수,15두산,두산 베어스,177,68,21.705129432793896
박신지,No.49,1999년 07월 16일,투수(우투우타),목암초(의정부리틀)-영동중-경기고-두산-상무,14000만원,3500만원,18 두산 2차 1라운드 10순위,18두산,두산 베어스,185,75,21.91380569758948
박웅,No.120,1997년 11월 12일,투수(우투우타),북정초-원동중-경남고-강릉영동대,,,20 두산 육성선수,21두산,두산 베어스,192,103,27.940538194444446
박정수,No.12,1996년 01월 29일,투수(우언좌타),서울청구초-서울이수중-야탑고-KIA-경찰-KIA-NC,5000만원,5500만원,15 KIA 2차 7라운드 65순위,15KIA,두산 베어스,178,74,23.355636914530997
박준영,No.9,1997년 08월 05일,내야수(우투우타),서울도곡초(남양주리틀)-잠신중-경기고-NC,20000만원,7000만원,16 NC 1차,16NC,두산 베어스,180,90,27.77777777777777
박지호,No.4,2003년 07월 02일,투수(좌투좌타),부성초(천안유소년리틀)-모가중-장안고-동강대,6000만원,3000만원,24 두산 5라운드 42순위,24두산,두산 베어스,181,99,30.218857788223804
박지훈,No.2,2000년 09월 07일,내야수(우투우타),김해삼성초-경남중-마산고,6000만원,3600만원,20 두산 2차 5라운드 49순위,20두산,두산 베어스,183,80,23.888440980620494
박치국,No.1,1998년 03월 10일,투수(우언우타),인천숭의초-인천신흥중-제물포고,14000만원,13000만원,17 두산 2차 1라운드 10순위,17두산,두산 베어스,177,78,24.897060231734173
발라조빅,No.43,1998년 09월 17일,투수(우투우타),캐나다,,250000달러,24 두산 자유선발,24두산,두산 베어스,196,97,25.249895876718035
배창현,No.111,1998년 12월 09일,투수(좌투좌타),본리초-대구중-경북고,6000만원,3000만원,18 두산 2차 5라운드 50순위,18두산,두산 베어스,183,78,23.291229956104985
백승우,No.69,2000년 01월 04일,투수(좌투좌타),장산초(부산동래마린스리틀)-대신중-부산고-동아대,5000만원,3100만원,23 두산 7라운드 69순위,23두산,두산 베어스,183,95,28.367523664486843
브랜든,No.48,1994년 06월 03일,투수(좌투좌타),미국 Virginia(대),,750000달러,22 두산 자유선발,22두산,두산 베어스,190,81,22.437673130193907
서예일,No.16,1993년 06월 19일,내야수(우투양타),동천초-경주중-성남고-동국대-두산-경찰,6000만원,3400만원,16 두산 2차 6라운드 56순위,16두산,두산 베어스,178,83,26.19618735008206
손율기,No.116,2005년 06월 11일,외야수(우투좌타),양덕초-마산동중-용마고,3000만원,3000만원,24 두산 8라운드 72순위,,두산 베어스,180,100,30.8641975308642
시라카와,No.,2001년 06월 04일,투수(우투우타),일본 이케타고-SSG,,4000000엔,24 SSG 부상 대체 외국인선수,24SSG,두산 베어스,180,88,27.160493827160494
안승한,No.20,1992년 01월 25일,포수(우투우타),남정초-선린중-충암고-동아대-KT,13000만원,5500만원,14 KT 2차 특별 12순위,14KT,두산 베어스,176,98,31.63739669421488
알칸타라,No.,1992년 12월 04일,투수(우투우타),도미니카 Liceo secundario Emma Balaguer(고)-KT,200000달러,800000달러,19 KT 자유선발,19KT,두산 베어스,193,100,26.84635829149776
양석환,No.53,1991년 07월 15일,내야수(우투우타),백운초-신일중-신일고-동국대-LG-상무-LG,9000만원,30000만원,14 LG 2차 3라운드 28순위,14LG,두산 베어스,185,90,26.29656683710737
양의지,No.25,1987년 06월 05일,포수(우투우타),송정동초-무등중-진흥고-두산-경찰-두산-NC,3000만원,50000만원,06 두산 2차 8라운드 59순위,06두산,두산 베어스,180,95,29.320987654320987
양찬열,No.57,1997년 05월 25일,외야수(우투좌타),서울상수초-건대부중-장충고-단국대,4000만원,4000만원,20 두산 2차 8라운드 79순위,20두산,두산 베어스,179,84,26.216410224399983
양현진,No.109,2002년 01월 03일,외야수(우투우타),길주초(안동시리틀)-포항중-영문고,3000만원,3000만원,21 두산 2차 10라운드 100순위,,두산 베어스,191,86,23.573915188728375
여동건,No.5,2005년 08월 04일,내야수(우투우타),가동초-자양중-서울고,15000만원,3000만원,24 두산 2라운드 12순위,24두산,두산 베어스,175,75,24.489795918367346
오명진,No.6,2001년 09월 04일,내야수(우투좌타),대전신흥초-한밭중-세광고,5000만원,3100만원,20 두산 2차 6라운드 59순위,20두산,두산 베어스,179,79,24.65590961580475
윤준호,No.13,2000년 11월 14일,포수(우투우타),부산안락초(해운대리틀)-센텀중-경남고-동의대-두산-상무,7000만원,3000만원,23 두산 5라운드 49순위,23두산,상무 ,179,90,28.089010954714272
윤태호,No.125,2003년 10월 10일,투수(우투우타),상인천초-동인천중-인천고,6000만원,,22 두산 2차 5라운드 49순위,22두산,두산 베어스,190,88,24.37673130193906
이교훈,No.99,2000년 05월 29일,투수(좌투좌타),구리초(남양주리틀)-청원중-서울고,8000만원,3300만원,19 두산 2차 3라운드 29순위,19두산,두산 베어스,181,83,25.33500198406642
이민석,No.122,2001년 11월 01일,내야수(우투우타),강동초(해운대리틀)-센텀중-부산공고,,,22 두산 육성선수,,두산 베어스,182,88,26.56683975365294
이민혁,No.112,1998년 04월 13일,투수(우투우타),부천초(부천원미리틀)-서울신월중-장충고-인천재능대,7000만원,3000만원,19 두산 2차 4라운드 39순위,19두산,두산 베어스,185,94,27.46530314097881
이병헌,No.29,2003년 06월 04일,투수(좌투좌타),역삼초-영동중-서울고,27000만원,3600만원,22 두산 1차,22두산,두산 베어스,183,95,28.367523664486843
이상연,No.103,2001년 08월 10일,투수(우투우타),해원초(수영구리틀)-대천중-부산고,4000만원,3000만원,21 두산 2차 6라운드 60순위,,두산 베어스,195,103,27.08744247205786
이승진,No.55,1995년 01월 07일,투수(우투우타),수원신곡초-매송중-야탑고-상무-SK,5000만원,5500만원,14 SK 2차 7라운드 73순위,16상무,두산 베어스,186,86,24.858365128916635
이영하,No.50,1997년 11월 01일,투수(우투우타),영일초-강남중-선린인터넷고,35000만원,10000만원,16 두산 1차,17두산,두산 베어스,192,91,24.68532986111111
이원재,No.95,2003년 05월 07일,투수(좌투좌타),부산수영초-경남중-경남고-두산-상무,10000만원,3000만원,22 두산 2차 2라운드 19순위,22두산,상무 ,187,98,28.024821985186875
이유찬,No.7,1998년 08월 05일,내야수(우투우타),동막초-천안북중-북일고-두산-상무,6000만원,8500만원,17 두산 2차 5라운드 50순위,17두산,두산 베어스,175,68,22.20408163265306
이주엽,No.3,2001년 03월 26일,투수(우투우타),서울이수초-성남중-성남고,20000만원,3000만원,20 두산 1차,20두산,두산 베어스,188,90,25.46401086464464
임서준,No.93,2004년 07월 11일,내야수(우투좌타),중대초-양천중-경동고,8000만원,3000만원,23 두산 4라운드 39순위,23두산,두산 베어스,185,85,24.83564645726808
임종성,No.36,2005년 03월 03일,내야수(우투우타),본리초-대구중-경북고,10000만원,3000만원,24 두산 3라운드 22순위,24두산,두산 베어스,183,90,26.874496103198062
장규빈,No.96,2001년 04월 21일,포수(우투우타),갈산초-서울신월중-경기고,14000만원,3000만원,20 두산 2차 1라운드 9순위,20두산,두산 베어스,186,98,28.326974216672443
장승현,No.22,1994년 03월 07일,포수(우투우타),인천서림초-동산중-제물포고-두산-경찰,7000만원,6000만원,13 두산 4라운드 36순위,13두산,두산 베어스,184,86,25.401701323251416
장원호,No.121,2003년 02월 24일,투수(우투우타),김해신명초(김해시리틀)-개성중-부산고-부산과학기술대,,3000만원,24 두산 육성선수,,두산 베어스,188,100,28.293345405160707
전다민,No.58,2001년 08월 21일,외야수(우투좌타),길동초-청원중-설악고-강릉영동대,6000만원,3000만원,24 두산 6라운드 52순위,24두산,두산 베어스,177,75,23.93948099205209
전민재,No.15,1999년 06월 30일,내야수(우투우타),천안남산초-천안북중-대전고,7000만원,3400만원,18 두산 2차 4라운드 40순위,18두산,두산 베어스,181,73,22.28259210646805
전형근,No.35,2000년 05월 17일,투수(우투우타),가동초-휘문중-휘문고,,3000만원,19 두산 2차 9라운드 89순위,23두산,두산 베어스,183,80,23.888440980620494
정수빈,No.31,1990년 10월 07일,외야수(좌투좌타),수원신곡초-수원북중-유신고-두산-경찰,6000만원,60000만원,09 두산 2차 5라운드 39순위,09두산,두산 베어스,175,70,22.857142857142858
정은재,No.102,1991년 12월 31일,투수(우투우타),화곡초-덕수중-선린인터넷고,,,,,두산 베어스,192,92,24.95659722222222
정철원,No.65,1999년 03월 27일,투수(우투우타),역북초-송전중-안산공고,10000만원,16500만원,18 두산 2차 2라운드 20순위,18두산,두산 베어스,192,95,25.77039930555556
제러드,No.95,1995년 07월 09일,외야수(우투좌타),캐나다,,300000달러,24 두산 자유선발,24두산,두산 베어스,185,90,26.29656683710737
제환유,No.24,2000년 09월 30일,투수(우투좌타),둔산초-공주중-공주고,10000만원,3000만원,20 두산 2차 2라운드 19순위,20두산,두산 베어스,183,76,22.69401893158948
조수행,No.51,1993년 08월 30일,외야수(우투좌타),노암초-경포중-강릉고-건국대-두산-상무,14000만원,9500만원,16 두산 2차 1라운드 5순위,16두산,두산 베어스,178,73,23.04002019946976
조제영,No.38,2001년 02월 12일,투수(우투우타),양덕초-마산중-용마고,7000만원,3100만원,20 두산 2차 4라운드 39순위,20두산,두산 베어스,182,89,26.86873565994445
천현재,No.123,1999년 07월 05일,포수(우투좌타),연제초(부산남구리틀)-신정중-부경고-성균관대,,3000만원,22 두산 육성선수,,두산 베어스,183,85,25.38146854190928
최세창,No.108,2001년 06월 01일,투수(우투우타),예원초-사직중-개성고,8000만원,3100만원,20 두산 2차 3라운드 29순위,20두산,두산 베어스,187,95,27.166919271354622
최승용,No.28,2001년 05월 11일,투수(좌투좌타),양오초-모가중-소래고,8000만원,10200만원,21 두산 2차 2라운드 20순위,21두산,두산 베어스,190,87,24.099722991689752
최원준,No.61,1994년 12월 21일,투수(우언우타),수유초-신일중-신일고-동국대,18000만원,25000만원,17 두산 1차,18두산,두산 베어스,182,91,27.47252747252747
최종인,No.40,2001년 05월 01일,투수(우투우타),해강초-센텀중-부산고,3000만원,3000만원,20 두산 2차 9라운드 89순위,24두산,두산 베어스,185,84,24.543462381300216
최준호,No.59,2004년 06월 03일,투수(우투우타),온양온천초-온양중-북일고,20000만원,3000만원,23 두산 1라운드 9순위,23두산,두산 베어스,188,90,25.46401086464464
최지강,No.42,2001년 07월 23일,투수(우투좌타),광주서석초-광주동성중-광주동성고-강릉영동대,,3400만원,22 두산 육성선수,22두산,두산 베어스,180,88,27.160493827160494
한충희,No.110,2003년 12월 25일,투수(우투우타),광주대성초-무등중-광주제일고,5000만원,3000만원,23 두산 6라운드 59순위,,두산 베어스,181,90,27.471688898385278
허경민,No.13,1990년 08월 26일,내야수(우투우타),송정동초-충장중-광주제일고-두산-경찰,13000만원,60000만원,09 두산 2차 1라운드 7순위,09두산,두산 베어스,176,69,22.27530991735537
홍건희,No.17,1992년 09월 29일,투수(우투우타),화순초-화순중-화순고-KIA-상무-KIA,14000만원,30000만원,11 KIA 2라운드 9순위,11KIA,두산 베어스,187,97,27.738854413909458
홍성호,No.44,1997년 07월 15일,외야수(우투좌타),인헌초-선린중-선린인터넷고,7000만원,3300만원,16 두산 2차 4라운드 36순위,16두산,두산 베어스,187,98,28.024821985186875
강건,No.99,2004년 07월 12일,투수(우투우타),원일초(영통구리틀)-매향중-장안고,3000만원,3500만원,23 KT 11라운드 110순위,23KT,KT 위즈,183,85,25.38146854190928
강민성,No.5,1999년 12월 08일,내야수(우투우타),대구옥산초-경상중-경북고,6000만원,3600만원,19 KT 2차 6라운드 51순위,23KT,KT 위즈,180,85,26.234567901234566
강백호,No.50,1999년 07월 29일,내야수(우투좌타),부천북초-서울이수중-서울고,45000만원,29000만원,18 KT 2차 1라운드 1순위,18KT,KT 위즈,184,98,28.946124763705104
강현우,No.55,2001년 04월 13일,포수(우투우타),원종초(부천시리틀)-부천중-유신고,15000만원,5000만원,20 KT 2차 1라운드 2순위,20KT,KT 위즈,180,90,27.77777777777777
고영표,No.1,1991년 09월 16일,투수(우언우타),광주대성초-광주동성중-화순고-동국대,13000만원,200000만원,14 KT 2차 1라운드 10순위,14KT,KT 위즈,187,88,25.165146272412706
권동진,No.52,1998년 09월 12일,내야수(우투좌타),제주신광초-세광중-세광고-원광대-KT-상무,15000만원,4600만원,21 KT 2차 1라운드 5순위,21KT,KT 위즈,178,87,27.458654210326976
김건웅,No.49,2004년 04월 12일,투수(좌투우타),서울영화초-성남중-성남고,8000만원,3000만원,23 KT 4라운드 40순위,23KT,KT 위즈,187,90,25.737081414967538
김건형,No.0,1996년 07월 12일,외야수(우투좌타),먼우금초-Lesbois(중)-Timberline(고)-Boise State(대),4000만원,3000만원,21 KT 2차 8라운드 75순위,21KT,KT 위즈,182,83,25.057360222195385
김규대,No.105,2002년 03월 13일,외야수(우투우타),신도초-율곡중-율곡고,,3000만원,21 KT 2차 10라운드 95순위,,KT 위즈,182,90,27.17063156623596
김대현,No.,1998년 01월 13일,내야수(우투우타),서울이수초-서울이수중-장충고-홍익대,,,21 KT 육성선수,,KT 위즈,183,86,25.68007405416704
김민,No.11,1999년 04월 14일,투수(우투우타),인천숭의초-평촌중-유신고-KT-상무,30000만원,5000만원,18 KT 1차,18KT,KT 위즈,185,88,25.712198685171657
김민석,No.97,2005년 07월 22일,포수(우투우타),창영초-동인천중-제물포고,3000만원,3000만원,24 KT 10라운드 97순위,24KT,KT 위즈,181,93,28.387411861664784
김민성,No.94,2005년 08월 28일,투수(우투우타),언북초-홍은중-선린인터넷고,9000만원,3000만원,24 KT 3라운드 27순위,24KT,KT 위즈,180,83,25.61728395061728
김민수,No.26,1992년 07월 24일,투수(우투우타),청원초-청원중-청원고-성균관대-KT-상무,11000만원,16000만원,15 KT 2차 특별 11순위,15KT,KT 위즈,188,80,22.634676324128566
김민혁,No.53,1995년 11월 21일,외야수(우투좌타),광주서석초-배재중-배재고-KT-상무,6000만원,24000만원,14 KT 2차 6라운드 56순위,14KT,KT 위즈,181,71,21.672110130948383
김병준,No.57,2003년 07월 03일,외야수(우투좌타),창촌초(안산리틀)-안산중앙중-유신고,3000만원,3100만원,22 KT 2차 9라운드 88순위,23KT,KT 위즈,175,80,26.12244897959184
김상수,No.7,1990년 03월 23일,내야수(우투우타),대구옥산초-경복중-경북고-삼성,28000만원,30000만원,09 삼성 1차,09삼성,KT 위즈,175,68,22.20408163265306
김성균,No.,2001년 07월 06일,내야수(좌투좌타),고명초-자양중-신일고,7000만원,3000만원,20 KT 2차 5라운드 42순위,,KT 위즈,185,93,27.173119065010955
김영현,No.48,2002년 08월 18일,투수(우투우타),광주화정초-광주동성중-광주동성고,,4100만원,21 KT 2차 5라운드 45순위,23KT,KT 위즈,178,81,25.5649539199596
김정운,No.61,2004년 04월 21일,투수(우언우타),동천초-경주중-대구고-KT-상무,22000만원,3100만원,23 KT 1라운드 10순위,23KT,상무 ,184,84,24.8109640831758
김주완,No.98,1999년 10월 07일,투수(좌투좌타),송정동초-무등중-청담고-동강대-두산,3000만원,3000만원,21 두산 2차 9라운드 90순위,24KT,KT 위즈,180,77,23.76543209876543
김준태,No.44,1994년 07월 31일,포수(우투좌타),양정초-개성중-경남고-(영남사이버대)-롯데-상무-롯데,,10000만원,12 롯데 육성선수,13롯데,KT 위즈,175,91,29.714285714285715
김지민,No.113,2001년 09월 21일,투수(우투우타),성동초-덕수중-서울고-원광대,,3000만원,24 KT 육성선수,,KT 위즈,175,78,25.46938775510204
김철호,No.9,1998년 02월 06일,내야수(우투좌타),서화초-재능중-율곡고,8000만원,3000만원,18 NC 2차 3라운드 29순위,18NC,KT 위즈,182,87,26.26494384736143
김태오,No.20,1997년 07월 29일,투수(좌투좌타),연현초-양천중-서울고-KT-상무,5000만원,3500만원,16 KT 2차 5라운드 41순위,18KT,KT 위즈,183,84,25.082863029651524
로하스,No.3,1990년 05월 24일,외야수(우투양타),미국 Wabash Valley(대)-KT,100000달러,500000달러,17 KT 자유선발,17KT,KT 위즈,189,102,28.554631729234902
문상철,No.24,1991년 04월 06일,외야수(우투우타),중대초-잠신중-배명고-고려대-KT-상무,13000만원,11000만원,14 KT 2차 특별 11순위,14KT,KT 위즈,184,85,25.10633270321361
문용익,No.13,1995년 02월 04일,투수(우투우타),덕양초-양천중-청원고-세계사이버대-삼성,5000만원,6300만원,17 삼성 2차 6라운드 59순위,19삼성,KT 위즈,178,93,29.35235450069436
박경수,No.6,1984년 03월 31일,내야수(우투우타),미성초-성남중-성남고-LG,43000만원,20000만원,03 LG 1차,03LG,KT 위즈,178,80,25.24933720489837
박민석,No.25,2000년 04월 13일,내야수(우투우타),성동초-덕수중-장충고,7000만원,3100만원,19 KT 2차 5라운드 41순위,19KT,KT 위즈,180,77,23.76543209876543
박세진,No.33,1997년 06월 27일,투수(좌투좌타),본리초-경운중-경북고,23000만원,3500만원,16 KT 1차,16KT,KT 위즈,178,93,29.35235450069436
박시영,No.46,1989년 03월 10일,투수(우투우타),축현초-인천신흥중-제물포고-(영남사이버대)-롯데,,9000만원,08 롯데 2차 4라운드 31순위,10롯데,KT 위즈,180,88,27.160493827160494
박시윤,No.67,1999년 03월 08일,투수(좌투좌타),울산대현초-마산제일중-용마고,9000만원,3000만원,18 KT 2차 3라운드 21순위,18KT,KT 위즈,185,90,26.29656683710737
박영현,No.60,2003년 10월 11일,투수(우투우타),부천북초-부천중-유신고,30000만원,16000만원,22 KT 1차,22KT,KT 위즈,183,91,27.173101615455817
박정현,No.108,2005년 05월 24일,내야수(우투양타),철산초(광명리틀)-영동중-경기항공고,6000만원,3000만원,24 KT 6라운드 57순위,,KT 위즈,184,80,23.62948960302457
박태완,No.109,2005년 09월 04일,내야수(우투우타),중동초(부천시리틀)-부천중-유신고,5000만원,3000만원,24 KT 7라운드 67순위,,KT 위즈,173,77,25.72755521400648
배정대,No.27,1995년 06월 12일,외야수(우투우타),도신초-성남중-성남고-(디지털문예대)-LG-KT-경찰,15000만원,32000만원,14 LG 2차 1라운드 3순위,14LG,KT 위즈,185,80,23.37472607742878
벤자민,No.43,1993년 07월 26일,투수(좌투좌타),미국 Kansas(대),100000달러,900000달러,22 KT 자유선발,22KT,KT 위즈,188,95,26.87867813490267
성재헌,No.95,1997년 12월 22일,투수(좌투좌타),도신초-성남중-성남고-연세대-LG,4000만원,3000만원,20 LG 2차 8라운드 73순위,20LG,KT 위즈,175,82,26.775510204081638
소형준,No.30,2001년 09월 16일,투수(우투우타),호암초(의정부리틀)-구리인창중-유신고,36000만원,22000만원,20 KT 1차,20KT,KT 위즈,189,92,25.755158030290307
손동현,No.41,2001년 01월 23일,투수(우투우타),염창초(강서구리틀)-덕수중-성남고-KT-상무,9000만원,12000만원,19 KT 2차 3라운드 21순위,19KT,KT 위즈,183,88,26.27728507868255
송민섭,No.12,1991년 08월 02일,외야수(우투우타),청파초(안산리틀)-선린중-선린인터넷고-단국대-KT-상무,,6500만원,14 KT 육성선수,15KT,KT 위즈,177,80,25.53544639152223
신범준,No.47,2002년 06월 01일,투수(우투좌타),원일초(수원영통구리틀)-매향중-장안고,17000만원,3000만원,21 KT 1차,21KT,KT 위즈,189,78,21.83589485176787
신본기,No.56,1989년 03월 21일,내야수(우투우타),감천초-경남중-경남고-동아대-롯데-경찰-롯데,12000만원,13000만원,12 롯데 2라운드 14순위,12롯데,KT 위즈,179,88,27.46481071127618
신호준,No.107,2004년 10월 21일,외야수(우투우타),백마초-포항중-경주고,7000만원,3000만원,24 KT 5라운드 47순위,,KT 위즈,186,90,26.01456815816857
심우준,No.2,1995년 04월 28일,내야수(우투우타),송정동초-언북중-경기고-(영남사이버대)-KT-상무,13000만원,29000만원,14 KT 2차 특별 14순위,14KT,KT 위즈,183,74,22.096807907073963
안치영,No.8,1998년 05월 29일,외야수(우투좌타),중동초(원미구리틀)-천안북중-북일고,6000만원,5000만원,17 KT 2차 6라운드 51순위,17KT,KT 위즈,176,72,23.243801652892564
안현민,No.62,2003년 08월 22일,외야수(우투우타),임호초(김해리틀)-개성중-마산고,7000만원,3000만원,22 KT 2차 4라운드 38순위,22KT,KT 위즈,183,90,26.874496103198062
양승혁,No.,1999년 09월 29일,내야수(우투좌타),태랑초(남양주리틀)-청원중-서울고,,3200만원,18 KT 육성선수,22KT,KT 위즈,173,68,22.72043837081092
엄상백,No.18,1996년 10월 04일,투수(우언우타),역삼초-언북중-덕수고-KT-상무,23000만원,25000만원,15 KT 1차,15KT,KT 위즈,187,72,20.58966513197403
오윤석,No.4,1992년 02월 24일,내야수(우투우타),화중초-자양중-경기고-연세대-롯데-상무-롯데,,14000만원,14 롯데 육성선수,15롯데,KT 위즈,180,87,26.85185185185185
오재일,No.36,1986년 10월 29일,내야수(좌투좌타),인창초(구리리틀)-구리인창중-야탑고-현대-상무-히어로즈-두산-삼성,8000만원,50000만원,05 현대 2차 3라운드 24순위,05현대,KT 위즈,187,95,27.166919271354622
우규민,No.21,1985년 01월 21일,투수(우언우타),성동초-휘문중-휘문고-LG-경찰-LG-삼성,12000만원,22000만원,03 LG 2차 3라운드 19순위,03LG,KT 위즈,184,75,22.152646502835537
우종휘,No.117,2003년 12월 15일,투수(좌투좌타),길동초-휘문중-휘문고,6000만원,,22 KT 2차 5라운드 48순위,,KT 위즈,187,90,25.737081414967538
원상현,No.63,2004년 10월 16일,투수(우투우타),가산초(부산진구리틀)-개성중-부산고,23000만원,3000만원,24 KT 1라운드 7순위,24KT,KT 위즈,183,83,24.78425751739377
유준규,No.116,2002년 08월 16일,내야수(우투좌타),군산신풍초-군산중-군산상고,8000만원,,21 KT 2차 3라운드 25순위,21KT,KT 위즈,176,69,22.27530991735537
육청명,No.64,2005년 07월 18일,투수(우투우타),강남초-선린중-강릉고,13000만원,3000만원,24 KT 2라운드 17순위,24KT,KT 위즈,186,90,26.01456815816857
윤강찬,No.65,1998년 04월 24일,투수(우투우타),사파초-김해내동중-김해고,,3000만원,18 KT 2차 5라운드 41순위,24KT,KT 위즈,185,72,21.0372534696859
윤준혁,No.35,2001년 07월 26일,내야수(우투우타),역촌초(은평구리틀)-충암중-충암고,8000만원,3000만원,20 KT 2차 4라운드 32순위,20KT,KT 위즈,186,86,24.858365128916635
이근혁,No.110,2001년 05월 29일,투수(우투우타),고명초-잠신중-경기고-한일장신대,4000만원,3000만원,24 KT 8라운드 77순위,,KT 위즈,184,79,23.334120982986768
이상동,No.37,1995년 11월 24일,투수(우투우타),대구옥산초-경복중-경북고-영남대,8000만원,6000만원,19 KT 2차 4라운드 31순위,19KT,KT 위즈,181,88,26.8612069228656
이선우,No.61,2000년 09월 19일,투수(우언우타),수진초-매송중-유신고,5000만원,4000만원,19 KT 2차 7라운드 61순위,19KT,KT 위즈,186,90,26.01456815816857
이승언,No.112,2005년 03월 04일,투수(우투우타),한일초(장안구리틀)-수일중-장안고,3000만원,3000만원,24 KT 11라운드 107순위,,KT 위즈,186,95,27.45982194473349
이승현,No.111,2005년 01월 26일,포수(우투좌타),비전초(평택리틀)-개군중-북일고,4000만원,3000만원,24 KT 9라운드 87순위,,KT 위즈,184,90,26.583175803402646
이정현,No.51,1997년 12월 05일,투수(우투우타),무학초-마산동중-용마고,16000만원,3500만원,17 KT 2차 1라운드 1순위,17KT,KT 위즈,188,93,26.312811226799457
이종혁,No.66,1997년 05월 29일,투수(우투우타),대구옥산초-경복중-대구고,11000만원,3000만원,17 KT 2차 2라운드 11순위,17KT,KT 위즈,190,86,23.822714681440445
이준명,No.101,2002년 12월 18일,투수(우투우타),정목초(강서구리틀)-덕수중-성남고-동의대(얼리 드래프트),3000만원,3000만원,23 KT 10라운드 100순위,,KT 위즈,193,100,26.84635829149776
이준희,No.92,2004년 01월 06일,포수(우투우타),중대초-잠신중-휘문고,6000만원,3000만원,23 KT 6라운드 60순위,,KT 위즈,183,85,25.38146854190928
이채호,No.17,1998년 11월 23일,투수(우언우타),동광초(김해시리틀)-원동중-용마고-SK-SSG,5000만원,5300만원,18 SK 2차 6라운드 55순위,18SK,KT 위즈,185,85,24.83564645726808
이태규,No.45,2000년 02월 21일,투수(우투좌타),희망대초-매향중-장안고-KIA,8000만원,3000만원,19 KIA 2차 3라운드 30순위,23KIA,KT 위즈,188,72,20.37120869171571
이현민,No.114,2001년 10월 13일,투수(우투우타),방화초(김포중앙리틀)-원당중-구리인창고,,3000만원,24 KT 육성선수,24KT,KT 위즈,185,86,25.127830533235937
이호연,No.34,1995년 06월 03일,내야수(우투좌타),광주수창초-진흥중-광주제일고-성균관대-롯데,6000만원,8500만원,18 롯데 2차 6라운드 53순위,18롯데,KT 위즈,177,87,27.769797950780426
장성우,No.22,1990년 01월 17일,포수(우투우타),감천초-경남중-경남고-롯데-경찰-롯데,20000만원,50000만원,08 롯데 1차,08롯데,KT 위즈,187,100,28.59675712774171
장준원,No.16,1995년 11월 21일,내야수(우투우타),경운초(김해시리틀)-개성중-경남고-LG,10000만원,5300만원,14 LG 2차 2라운드 23순위,14LG,KT 위즈,183,77,22.99262444384723
전용주,No.29,2000년 02월 12일,투수(좌투좌타),양진초(안성시리틀)-성일중-안산공고,20000만원,3200만원,19 KT 1차,19KT,KT 위즈,188,87,24.615210502489816
정준영,No.58,2004년 01월 26일,외야수(좌투좌타),도신초-강남중-장충고,12000만원,4200만원,23 KT 2라운드 20순위,23KT,KT 위즈,173,73,24.3910588392529
정진호,No.104,2004년 09월 20일,투수(우투우타),서원초-세광중-청담고,4000만원,3000만원,23 KT 9라운드 90순위,,KT 위즈,181,79,24.114038033027075
조대현,No.42,1999년 08월 06일,포수(우투우타),길동초-매송중-유신고,4000만원,3100만원,18 KT 2차 10라운드 91순위,21KT,KT 위즈,183,81,24.187046492878256
조용근,No.102,1996년 01월 01일,투수(우투우타),공주중동초-공주중-공주고-중앙대-LG,,3000만원,20 LG 육성선수,,KT 위즈,187,100,28.59675712774171
조용호,No.23,1989년 09월 09일,외야수(우투좌타),성동초-잠신중-야탑고-단국대-SK,,15000만원,14 SK 육성선수,17SK,KT 위즈,170,75,25.95155709342561
조이현,No.54,1995년 06월 27일,투수(우투좌타),송정동초-배재중-제주고-한화-SK-상무-SK-SSG,7000만원,6000만원,14 한화 2차 5라운드 47순위,14한화,KT 위즈,185,95,27.757487216946675
주권,No.38,1995년 05월 31일,투수(우투우타),청주우암초-청주중-청주고,30000만원,20000만원,15 KT 우선지명,15KT,KT 위즈,181,82,25.029760996306585
지명성,No.68,2002년 02월 15일,투수(우투우타),의정부청룡초(의정부리틀)-배명중-신일고,7000만원,,21 KT 2차 4라운드 35순위,21KT,KT 위즈,173,65,21.71806608974573
천성호,No.14,1997년 10월 30일,내야수(우투좌타),광주화정초-충장중-진흥고-단국대-KT-상무,10000만원,4500만원,20 KT 2차 2라운드 12순위,20KT,KT 위즈,183,85,25.38146854190928
최성민,No.69,2002년 07월 05일,외야수(좌투좌타),송정동초-무등중-광주동성고,,3000만원,21 KT 2차 6라운드 55순위,23KT,KT 위즈,179,84,26.216410224399983
최용준,No.115,2001년 12월 19일,투수(우투우타),양산신양초(양산구리틀)-경남중-부산공고-KIA,3000만원,3000만원,20 KIA 2차 10라운드 96순위,21KIA,KT 위즈,192,105,28.483072916666668
최윤서,No.106,2003년 03월 21일,투수(우투우타),대모초(강남구리틀)-휘문중-포항제철고-동의대(얼리 드래프트),8000만원,3000만원,24 KT 4라운드 37순위,,KT 위즈,185,95,27.757487216946675
최정태,No.100,1999년 09월 10일,외야수(우투우타),성동초-휘문중-휘문고-중앙대,,3000만원,23 KT 육성선수,,KT 위즈,183,93,27.77031263997133
쿠에바스,No.32,1990년 10월 14일,투수(우투양타),베네수엘라 Carabobo(대),250000달러,1000000달러,19 KT 자유선발,19KT,KT 위즈,188,98,27.727478497057493
하준호,No.28,1989년 04월 29일,투수(좌투좌타),하단초-대동중-경남고-롯데,16000만원,4500만원,08 롯데 2차 1라운드 2순위,08롯데,KT 위즈,174,78,25.762980578676174
한민우,No.96,1999년 04월 27일,투수(좌투좌타),동일중앙초-경남중-경남고,1000만원,3000만원,23 KT 육성선수,,KT 위즈,177,82,26.173832551310287
한지웅,No.93,2003년 07월 07일,투수(좌투좌타),대정초(인천시리틀)-상인천중-인천고,10000만원,,22 KT 2차 2라운드 18순위,22KT,KT 위즈,189,82,22.955684331345708
한차현,No.59,1998년 11월 30일,투수(우투우타),사능초(남양주리틀)-청원중-포항제철고-성균관대,10000만원,3100만원,21 KT 2차 2라운드 15순위,21KT,KT 위즈,180,80,24.69135802469136
홍현빈,No.31,1997년 08월 29일,외야수(우투좌타),수원신곡초-매송중-유신고-KT-상무,9000만원,4500만원,17 KT 2차 3라운드 21순위,17KT,KT 위즈,174,70,23.120623596247853
황의준,No.103,2002년 04월 06일,외야수(우투좌타),칠성초-경복중-경북고-수성대,4000만원,3000만원,23 KT 8라운드 80순위,,KT 위즈,185,95,27.757487216946675
황재균,No.10,1987년 07월 28일,내야수(우투우타),사당초-서울이수중-경기고-현대-히어로즈-롯데-샌프란시스코,6000만원,100000만원,06 현대 2차 3라운드 24순위,06현대,KT 위즈,183,96,28.6661291767446
강진성,No.49,1993년 10월 19일,외야수(우투우타),가동초-잠신중-경기고-NC-경찰-NC-두산,7000만원,8500만원,12 NC 4라운드 33순위,12NC,SSG 랜더스,176,89,28.731921487603305
고명준,No.18,2002년 07월 08일,내야수(우투우타),서원초-세광중-세광고-SK,9000만원,3000만원,21 SK 2차 2라운드 18순위,21SK,SSG 랜더스,185,94,27.46530314097881
고효준,No.15,1983년 02월 08일,투수(좌투좌타),서원초-세광중-세광고-롯데-SK-KIA-롯데-LG,11000만원,15300만원,02 롯데 2차 1라운드 6순위,02롯데,SSG 랜더스,179,81,25.280109859242845
김건우,No.39,2002년 07월 12일,투수(좌투좌타),가현초(인천서구리틀)-동산중-제물포고-SK-SSG-상무,20000만원,3000만원,21 SK 1차,21SK,SSG 랜더스,185,88,25.712198685171657
김건이,No.,2001년 05월 15일,포수(우투좌타),강남초-선린중-선린인터넷고-강릉영동대,3000만원,3000만원,23 SSG 10라운드 95순위,,SSG 랜더스,183,90,26.874496103198062
김광현,No.29,1988년 07월 22일,투수(좌투좌타),덕성초(안산리틀)-안산중앙중-안산공고-SK-세인트루이스,50000만원,100000만원,07 SK 1차,07SK,SSG 랜더스,188,88,24.898143956541425
김규민,No.02,2002년 08월 23일,포수(우투좌타),동수원초(수원영통구리틀)-매향중-공주고-여주대,3000만원,3000만원,24 SSG 10라운드 100순위,,SSG 랜더스,180,94,29.012345679012345
김민식,No.24,1989년 06월 28일,포수(우투좌타),양덕초-마산중-마산고-원광대-SK-상무-SK-KIA,14000만원,15000만원,12 SK 2라운드 11순위,12SK,SSG 랜더스,180,80,24.69135802469136
김민준,No.,2004년 03월 20일,내야수(우투우타),순천북초-순천이수중-북일고,5000만원,3000만원,23 SSG 7라운드 65순위,23SSG,SSG 랜더스,181,78,23.80879704526724
김성민,No.53,2001년 04월 30일,내야수(우투우타),서울학동초-자양중-경기고-SK,10000만원,3000만원,20 SK 2차 2라운드 20순위,20SK,SSG 랜더스,184,88,25.99243856332703
김성현,No.6,1987년 03월 09일,내야수(우투우타),송정동초-충장중-광주제일고-SK-상무-SK,7000만원,20000만원,06 SK 2차 3라운드 20순위,06SK,SSG 랜더스,172,72,24.337479718766904
김정민,No.65,2004년 03월 07일,외야수(좌투좌타),광안초(부산수영구리틀)-경남중-경남고,10000만원,3000만원,23 SSG 3라운드 25순위,23SSG,SSG 랜더스,180,75,23.148148148148145
김지현,No.44,1998년 10월 04일,포수(우투우타),효제초-선린중-소래고-인하대,,3000만원,24 SSG 육성선수,,SSG 랜더스,184,95,28.060018903591683
김찬형,No.5,1997년 12월 29일,내야수(우투우타),양정초-경남중-경남고-NC-SSG-상무,5000만원,5000만원,16 NC 2차 6라운드 53순위,16NC,SSG 랜더스,182,83,25.057360222195385
김창평,No.64,2000년 06월 14일,외야수(우투좌타),학강초-무등중-광주제일고-SK,15000만원,3100만원,19 SK 2차 1라운드 6순위,19SK,SSG 랜더스,185,85,24.83564645726808
김태윤,No.36,2003년 02월 28일,내야수(우투좌타),창우초(하남시리틀)-배명중-배명고,4000만원,3100만원,22 SSG 2차 7라운드 62순위,,SSG 랜더스,170,65,22.49134948096886
김택형,No.43,1996년 10월 10일,투수(좌투좌타),창영초-재능중-동산고-히어로즈-SK-SSG-상무,10000만원,20500만원,15 넥센 2차 2라운드 18순위,15넥센,SSG 랜더스,185,100,29.218407596785973
노경은,No.38,1984년 03월 11일,투수(우투우타),화곡초-성남중-성남고-두산-롯데,35000만원,27000만원,03 두산 1차,03두산,SSG 랜더스,187,100,28.59675712774171
더거,No.,1995년 07월 03일,투수(우투우타),미국 Texas Tech(대)-SSG,100000달러,650000달러,24 SSG 자유선발,24SSG,SSG 랜더스,183,83,24.78425751739377
류현곤,No.68,2004년 11월 10일,투수(우투우타),부춘초(서산시리틀)-공주중-청담고,4000만원,3000만원,23 SSG 8라운드 75순위,,SSG 랜더스,178,78,24.61810377477591
류효승,No.63,1996년 07월 16일,외야수(우투우타),칠성초-경상중-대구상원고-성균관대-SK,5000만원,3100만원,20 SK 2차 6라운드 60순위,20SK,SSG 랜더스,190,100,27.70083102493075
문승원,No.42,1989년 11월 28일,투수(우투우타),가동초-배명중-배명고-고려대-SK-상무-SK,18000만원,80000만원,12 SK 1라운드 8순위,12SK,SSG 랜더스,180,88,27.160493827160494
박기호,No.90,2005년 07월 26일,투수(우투우타),샛별초(청주시리틀)-현도중-청주고,9000만원,3000만원,24 SSG 3라운드 30순위,24SSG,SSG 랜더스,184,80,23.62948960302457
박대온,No.30,1995년 08월 28일,포수(우투우타),서울도곡초-서울이수중-휘문고-NC,10000만원,4000만원,14 NC 2차 2라운드 25순위,14NC,SSG 랜더스,182,85,25.661152034778407
박민호,No.41,1992년 02월 25일,투수(우언우타),동막초-동인천중-인천고-인하대-SK-상무-SK,10000만원,6000만원,14 SK 2차 3라운드 33순위,14SK,SSG 랜더스,185,95,27.757487216946675
박성빈,No.00,2003년 12월 29일,투수(우투우타),서울도곡초(강남구리틀)-대치중-휘문고-사이버한국외대(얼리 드래프트),5000만원,3000만원,24 SSG 7라운드 70순위,24SSG,SSG 랜더스,187,92,26.309016557522373
박성한,No.2,1998년 03월 30일,내야수(우투좌타),순천북초-여수중-효천고-SK-상무-SK,9000만원,30000만원,17 SK 2차 2라운드 16순위,17SK,SSG 랜더스,180,77,23.76543209876543
박세직,No.9,2004년 07월 30일,외야수(좌투좌타),서울이수초-선린중-야탑고,6000만원,3000만원,23 SSG 6라운드 55순위,,SSG 랜더스,182,77,23.24598478444632
박시후,No.57,2001년 05월 10일,투수(좌투좌타),상인천초-상인천중-인천고-SK,2000만원,3000만원,20 SK 2차 10라운드 100순위,22SSG,SSG 랜더스,182,88,26.56683975365294
박정빈,No.58,2002년 06월 14일,외야수(우투우타),효제초-청량중-경기고,5000만원,3000만원,21 SK 2차 5라운드 48순위,,SSG 랜더스,182,80,24.151672503320853
박종훈,No.50,1991년 08월 13일,투수(우언우타),군산중앙초-군산중-군산상고-SK-상무-SK,10000만원,110000만원,10 SK 2라운드 9순위,10SK,SSG 랜더스,186,90,26.01456815816857
박지환,No.93,2005년 07월 12일,내야수(우투우타),군산남초-군산중-세광고,20000만원,3000만원,24 SSG 1라운드 10순위,24SSG,SSG 랜더스,183,75,22.39541341933172
백승건,No.11,2000년 10월 29일,투수(좌투좌타),동막초-상인천중-인천고-SK-상무,10000만원,4600만원,19 SK 1차,19SK,SSG 랜더스,183,85,25.38146854190928
백준서,No.01,2005년 09월 26일,외야수(우투우타),불정초(분당구리틀)-대원중-덕수고,4000만원,3000만원,24 SSG 8라운드 80순위,,SSG 랜더스,181,89,27.16644791062544
변건우,No.,2005년 07월 15일,투수(우투우타),화도초(남양주시B리틀)-충암중-충암고,3000만원,3000만원,24 SSG 11라운드 110순위,,SSG 랜더스,181,80,24.41927902078691
서상준,No.61,2000년 01월 14일,투수(우투좌타),동일중앙초-야로중-영문고,4000만원,3200만원,19 SK 2차 7라운드 66순위,23SSG,SSG 랜더스,193,108,28.99406695481758
서진용,No.22,1992년 10월 02일,투수(우투우타),남부민초-대동중-경남고-상무-SK,,45000만원,11 SK 1라운드 7순위,13상무,SSG 랜더스,184,88,25.99243856332703
석정우,No.06,1999년 01월 20일,내야수(우투우타),동일중앙초-경남중-경남고-연세대,,3000만원,22 SSG 육성선수,22SSG,SSG 랜더스,180,82,25.30864197530864
송영진,No.28,2004년 05월 28일,투수(우투양타),대전유천초-한밭중-대전고,15000만원,4500만원,23 SSG 2라운드 15순위,23SSG,SSG 랜더스,185,90,26.29656683710737
신범수,No.40,1998년 01월 25일,포수(우투좌타),광주대성초-광주동성중-광주동성고-KIA,4000만원,5000만원,16 KIA 2차 8라운드 78순위,16KIA,SSG 랜더스,177,83,26.493025631204315
신헌민,No.32,2002년 07월 19일,투수(우투우타),학강초-광주동성중-광주동성고,18000만원,3200만원,22 SSG 2차 1라운드 2순위,22SSG,SSG 랜더스,187,88,25.165146272412706
안상현,No.10,1997년 01월 27일,내야수(우투우타),사파초-선린중-용마고-SK-상무,8000만원,4000만원,16 SK 2차 3라운드 26순위,16SK,SSG 랜더스,178,74,23.355636914530997
안현서,No.48,2004년 10월 16일,투수(좌투좌타),영일초-서울신월중-경기고,8000만원,3000만원,23 SSG 4라운드 35순위,,SSG 랜더스,185,83,24.25127830533236
앤더슨,No.33,1994년 03월 22일,투수(우투우타),미국 Galena(고),,570000달러,24 SSG 자유선발,24SSG,SSG 랜더스,190,92,25.48476454293629
에레디아,No.27,1991년 01월 31일,외야수(좌투우타),쿠바 Eide Luis Agusto Tursios Lima,,1150000달러,23 SSG 자유선발,23SSG,SSG 랜더스,178,88,27.77427092538821
엘리아스,No.55,1988년 08월 01일,투수(좌투좌타),쿠바 Omar Ranedo(고),,650000달러,23 SSG 자유선발,23SSG,SSG 랜더스,185,92,26.88093498904309
오원석,No.47,2001년 04월 23일,투수(좌투좌타),수진초-매송중-야탑고-SK,20000만원,14000만원,20 SK 1차,20SK,SSG 랜더스,182,80,24.151672503320853
오태곤,No.37,1991년 11월 18일,외야수(우투우타),쌍문초-신월중-청원고-롯데-경찰-롯데-KT-SK,9000만원,25000만원,10 롯데 3라운드 22순위,10롯데,SSG 랜더스,186,88,25.4364666435426
유호식,No.45,1999년 05월 11일,투수(우투우타),서울청구초-덕수중-성남고-SK,8000만원,3000만원,18 SK 2차 3라운드 25순위,,SSG 랜더스,190,104,28.80886426592798
윤성보,No.,2002년 09월 12일,투수(우투우타),천안남산초-평택청담중-라온고-송원대(얼리 드래프트),4000만원,3000만원,24 SSG 9라운드 90순위,,SSG 랜더스,180,85,26.234567901234566
이건욱,No.16,1995년 02월 13일,투수(우투우타),신도초-동산중-동산고-SK,20000만원,6100만원,14 SK 1차,14SK,SSG 랜더스,182,85,25.661152034778407
이기순,No.4,2003년 05월 14일,투수(좌투좌타),서흥초-인천신흥중-동산고-SSG-상무,6000만원,3100만원,22 SSG 2차 5라운드 42순위,22SSG,상무 ,174,74,24.441802087462012
이로운,No.92,2004년 09월 11일,투수(우투우타),본리초-경복중-대구고,25000만원,7400만원,23 SSG 1라운드 5순위,23SSG,SSG 랜더스,185,105,30.67932797662527
이승민,No.97,2005년 01월 06일,외야수(좌투좌타),서울도곡초-휘문중-휘문고,13000만원,3000만원,24 SSG 2라운드 20순위,24SSG,SSG 랜더스,187,90,25.737081414967538
이승훈,No.46,2004년 08월 12일,투수(우투우타),서울학동초-건대부중-배재고,4000만원,3000만원,23 SSG 9라운드 85순위,,SSG 랜더스,186,81,23.41311134235172
이정범,No.31,1998년 04월 10일,외야수(좌투좌타),인천숭의초-동인천중-인천고,6000만원,3200만원,17 SK 2차 5라운드 46순위,21SSG,SSG 랜더스,178,88,27.77427092538821
이지영,No.59,1986년 02월 27일,포수(우투우타),서화초-인천신흥중-제물포고-경성대-삼성-상무-삼성-키움,,20000만원,08 삼성 육성선수,09삼성,SSG 랜더스,177,88,28.088991030674453
이찬혁,No.08,1998년 08월 19일,투수(우투우타),도신초-강남중-서울고-LG,8000만원,3000만원,17 LG 2차 3라운드 22순위,17LG,SSG 랜더스,187,90,25.737081414967538
임근우,No.03,1999년 07월 22일,외야수(우투우타),서울도곡초-휘문중-휘문고-홍익대,,,22 SSG 육성선수,,SSG 랜더스,180,88,27.160493827160494
임성준,No.09,2001년 11월 16일,투수(우투우타),덕현초(양주리틀)-춘천중-강릉고-강릉영동대,4000만원,,22 SSG 2차 8라운드 72순위,,SSG 랜더스,183,93,27.77031263997133
장지훈,No.66,1998년 12월 06일,투수(우투우타),김해삼성초-내동중-김해고-동의대-SK-SSG-상무,6000만원,13000만원,21 SK 2차 4라운드 38순위,21SK,SSG 랜더스,177,82,26.173832551310287
전경원,No.12,1999년 03월 18일,포수(우투우타),연현초-성남중-성남고-SK-상무,6000만원,3200만원,18 SK 2차 5라운드 45순위,18SK,SSG 랜더스,184,95,28.060018903591683
전의산,No.56,2000년 11월 25일,내야수(우투좌타),부산수영초-개성중-경남고-SK,13000만원,8000만원,20 SK 2차 1라운드 10순위,21SK,SSG 랜더스,188,98,27.727478497057493
정동윤,No.51,1997년 10월 22일,투수(우투좌타),덕성초(안산리틀)-중앙중-야탑고-SK-상무-SK,20000만원,3000만원,16 SK 1차,16SK,SSG 랜더스,193,103,27.65174904024269
정성곤,No.,1996년 07월 10일,투수(좌투좌타),역삼초-휘문중-구리인창고-KT-상무-KT-SSG,10000만원,3100만원,15 KT 2차 2라운드 14순위,15KT,SSG 랜더스,181,80,24.41927902078691
정준재,No.95,2003년 01월 03일,내야수(우투좌타),상인천초-동인천중-강릉고-동국대(얼리 드래프트),6000만원,3000만원,24 SSG 5라운드 50순위,24SSG,SSG 랜더스,165,68,24.977043158861346
정현승,No.96,2001년 10월 24일,외야수(좌투좌타),현산초-부천중-덕수고-인하대,5000만원,3000만원,24 SSG 6라운드 60순위,24SSG,SSG 랜더스,180,80,24.69135802469136
조병현,No.19,2002년 05월 08일,투수(우투우타),온양온천초-온양중-세광고-SK-SSG-상무,7000만원,3000만원,21 SK 2차 3라운드 28순위,21SK,SSG 랜더스,182,90,27.17063156623596
조요한,No.25,2000년 01월 06일,투수(우투우타),광주화정초-충장중-광주제일고-동강대-SK-SSG-상무,4000만원,4000만원,21 SK 2차 7라운드 68순위,21SSG,SSG 랜더스,191,102,27.959759875003428
조형우,No.20,2002년 04월 04일,포수(우투우타),송정동초-무등중-광주제일고-SK,13000만원,6300만원,21 SK 2차 1라운드 8순위,21SK,SSG 랜더스,187,95,27.166919271354622
채현우,No.60,1995년 11월 21일,외야수(우투우타),칠성초-경복중-대구상원고-송원대-SK,3000만원,3000만원,19 SK 2차 8라운드 76순위,19SK,SSG 랜더스,182,80,24.151672503320853
최경모,No.52,1996년 06월 17일,내야수(우투우타),본리초-경운중-경북고-홍익대-SK,5000만원,3700만원,19 SK 2차 6라운드 56순위,19SK,SSG 랜더스,168,73,25.86451247165533
최민준,No.67,1999년 06월 11일,투수(우투우타),부산수영초-경남중-경남고-SK-상무-SK,10000만원,14400만원,18 SK 2차 2라운드 15순위,18SK,SSG 랜더스,178,83,26.19618735008206
최민창,No.69,1996년 04월 16일,외야수(좌투좌타),강남초-선린중-신일고-LG,10000만원,3000만원,15 LG 2차 2라운드 17순위,15LG,SSG 랜더스,179,76,23.719609250647608
최상민,No.23,1999년 08월 20일,외야수(좌투좌타),석교초-청주중-북일고,,3200만원,18 SK 육성선수,22SSG,SSG 랜더스,178,75,23.671253629592226
최수호,No.62,2000년 07월 19일,투수(우투우타),봉천초-배명중-북일고-SK,8000만원,3000만원,19 SK 2차 3라운드 26순위,19SK,SSG 랜더스,183,78,23.291229956104985
최유빈,No.3,2003년 05월 05일,내야수(우투우타),양진초(광진구리틀)-건대부중-장충고,3000만원,3000만원,22 SSG 2차 10라운드 92순위,,SSG 랜더스,183,83,24.78425751739377
최정,No.14,1987년 02월 28일,내야수(우투우타),대일초-평촌중-유신고-SK,30000만원,100000만원,05 SK 1차,05SK,SSG 랜더스,180,90,27.77777777777777
최준우,No.7,1999년 03월 25일,내야수(우투좌타),방배초-대치중-장충고-SK-상무,7000만원,4500만원,18 SK 2차 4라운드 35순위,18SK,SSG 랜더스,176,78,25.180785123966945
최지훈,No.54,1997년 07월 23일,외야수(우투좌타),광주수창초-무등중-광주제일고-동국대-SK,8000만원,25000만원,20 SK 2차 3라운드 30순위,20SK,SSG 랜더스,178,82,25.88057063502083
최현석,No.94,2003년 10월 16일,투수(우투우타),서흥초-동산중-동산고-부산과학기술대,7000만원,3000만원,24 SSG 4라운드 40순위,24SSG,SSG 랜더스,185,90,26.29656683710737
추신수,No.17,1982년 07월 13일,외야수(좌투좌타),부산수영초-부산중-부산고-SK,,3000만원,07 해외진출선수 특별지명,00시애틀,SSG 랜더스,180,97,29.93827160493827
하재훈,No.13,1990년 10월 29일,외야수(우투우타),양덕초-마산동중-용마고-SK,,10000만원,19 SK 2차 2라운드 16순위,09시카고컵스,SSG 랜더스,182,90,27.17063156623596
한두솔,No.34,1997년 01월 15일,투수(좌투좌타),광주수창초-진흥중-광주제일고-일본 오사카 리세이샤 전문대학-KT,,3200만원,18 KT 육성선수,18KT,SSG 랜더스,177,86,27.4506048708864
한유섬,No.35,1989년 08월 09일,외야수(우투좌타),중앙초(해운대리틀)-대천중-경남고-경성대-SK-상무-SK,3000만원,90000만원,12 SK 9라운드 85순위,12SK,SSG 랜더스,190,105,29.085872576177287
허민혁,No.21,1999년 08월 20일,투수(우투우타),서당초-매향중-공주고-SK,7000만원,3000만원,19 SK 2차 4라운드 36순위,,SSG 랜더스,188,90,25.46401086464464
허진,No.07,2001년 06월 16일,내야수(우투좌타),광주수창초-충장중-광주동성고-고려대,,3000만원,24 SSG 육성선수,,SSG 랜더스,175,78,25.46938775510204
현원회,No.8,2001년 07월 08일,포수(우투우타),가동초-경상중-대구고-SK,7000만원,3000만원,20 SK 2차 4라운드 40순위,20SK,SSG 랜더스,180,95,29.320987654320987
강성우,No.67,2005년 04월 12일,내야수(우투우타),대전유천초-한밭중-청주고,7000만원,3000만원,24 롯데 5라운드 43순위,24롯데,롯데 자이언츠,182,77,23.24598478444632
강승구,No.36,2003년 10월 19일,포수(우투우타),동막초-상인천중-제물포고-강릉영동대,,3000만원,24 롯데 육성선수,24롯데,롯데 자이언츠,180,83,25.61728395061728
강태율,No.32,1996년 11월 01일,포수(우투우타),부산수영초-대천중-부경고,15000만원,3600만원,15 롯데 1차,15롯데,롯데 자이언츠,179,91,28.40111107643332
고경표,No.101,2001년 07월 20일,내야수(우투우타),대구본리초-경상중-경북고-연세대,,3000만원,24 롯데 육성선수,,롯데 자이언츠,183,88,26.27728507868255
고승민,No.65,2000년 08월 11일,내야수(우투좌타),군산신풍초-배명중-북일고,15000만원,8000만원,19 롯데 2차 1라운드 8순위,19롯데,롯데 자이언츠,189,92,25.755158030290307
구승민,No.22,1990년 06월 12일,투수(우투우타),동일초(도봉구리틀)-청원중-청원고-홍익대-롯데-상무,5000만원,45000만원,13 롯데 6라운드 52순위,14롯데,롯데 자이언츠,182,86,25.96304794106992
기민성,No.111,2001년 09월 14일,외야수(우투우타),백마초-충암중-덕수고-홍익대,,3000만원,24 롯데 육성선수,,롯데 자이언츠,185,97,28.341855368882392
김강현,No.19,1995년 02월 27일,투수(우투좌타),고명초-청원중-청원고,,3200만원,15 롯데 육성선수,16롯데,롯데 자이언츠,177,84,26.812218711098343
김대현,No.110,2003년 11월 15일,외야수(우투우타),광주서림초-광주충장BC-광주제일고-부산과학기술대,,3000만원,24 롯데 육성선수,,롯데 자이언츠,176,84,27.117768595041323
김도규,No.23,1998년 07월 11일,투수(우투우타),고봉초-충암중-안산공고,9000만원,8000만원,18 롯데 2차 3라운드 23순위,18롯데,롯데 자이언츠,192,118,32.009548611111114
김동규,No.114,1999년 04월 08일,내야수(우투우타),안일초(안양시리틀)-현도중-포항제철고,6000만원,3000만원,19 롯데 2차 6라운드 58순위,20롯데,롯데 자이언츠,185,85,24.83564645726808
김동혁,No.50,2000년 09월 15일,외야수(좌투좌타),서화초-상인천중-제물포고-강릉영동대,,3100만원,22 롯데 2차 7라운드 64순위,23롯데,롯데 자이언츠,177,77,24.577867151840145
김민석,No.2,2004년 05월 09일,외야수(우투좌타),신도초-휘문중-휘문고,25000만원,8500만원,23 롯데 1라운드 3순위,23롯데,롯데 자이언츠,185,83,24.25127830533236
김민성,No.16,1988년 12월 17일,내야수(우투우타),고명초-잠신중-덕수정보고-(영남사이버대)-롯데-히어로즈-키움-LG,10000만원,20000만원,07 롯데 2차 2라운드 13순위,07롯데,롯데 자이언츠,181,94,28.692652849424626
김상수,No.24,1988년 01월 02일,투수(우투우타),신자초(자이언츠리틀)-자양중-신일고-(방송통신대)-삼성-상무-키움-SK-SSG,13000만원,16000만원,06 삼성 2차 2라운드 15순위,06삼성,롯데 자이언츠,180,88,27.160493827160494
김원중,No.34,1993년 06월 14일,투수(우투좌타),학강초-광주동성중-광주동성고,15000만원,50000만원,12 롯데 1라운드 5순위,12롯데,롯데 자이언츠,192,96,26.041666666666668
김진욱,No.15,2002년 07월 05일,투수(좌투좌타),수원신곡초-춘천중-강릉고,37000만원,6000만원,21 롯데 2차 1라운드 1순위,21롯데,롯데 자이언츠,185,90,26.29656683710737
나균안,No.43,1998년 03월 16일,투수(우투우타),무학초-창원신월중-용마고,15000만원,17000만원,17 롯데 2차 1라운드 3순위,17롯데,롯데 자이언츠,186,109,31.50653254711527
나승엽,No.51,2002년 02월 15일,내야수(우투좌타),남정초-선린중-덕수고-롯데-상무,50000만원,4000만원,21 롯데 2차 2라운드 11순위,21롯데,롯데 자이언츠,190,82,22.71468144044321
노진혁,No.52,1989년 07월 15일,내야수(우투좌타),광주대성초-광주동성중-광주동성고-성균관대-NC-상무-NC,8000만원,60000만원,12 NC 특별 20순위,12NC,롯데 자이언츠,184,80,23.62948960302457
레이예스,No.29,1994년 10월 05일,외야수(우투양타),베네수엘라 Dr Felipe Guevara(고),100000달러,600000달러,24 롯데 자유선발,24롯데,롯데 자이언츠,196,87,22.646813827571847
박명현,No.117,2001년 06월 16일,투수(우투우타),부천북초-대원중-야탑고,9000만원,3200만원,20 롯데 2차 3라운드 24순위,20롯데,롯데 자이언츠,185,80,23.37472607742878
박성준,No.107,2005년 11월 28일,투수(좌투좌타),강남초-휘문중-휘문고,6000만원,3000만원,24 롯데 6라운드 53순위,,롯데 자이언츠,180,81,25.0
박세웅,No.21,1995년 11월 30일,투수(우투우타),대구경운초-경운중-경북고-KT,20000만원,135000만원,14 KT 1차,14KT,롯데 자이언츠,182,85,25.661152034778407
박승욱,No.53,1992년 12월 04일,내야수(우투좌타),칠성초-경복중-대구상원고-SK-KT,8000만원,13500만원,12 SK 3라운드 31순위,12SK,롯데 자이언츠,184,83,24.515595463137995
박영완,No.115,2000년 07월 22일,투수(우투좌타),양덕초-마산동중-대구고,6000만원,3200만원,19 롯데 2차 5라운드 48순위,19롯데,롯데 자이언츠,183,85,25.38146854190928
박재민,No.116,2001년 08월 27일,투수(좌투좌타),군산중앙초-청원중-전주고,11000만원,3100만원,20 롯데 2차 2라운드 14순위,20롯데,롯데 자이언츠,186,88,25.4364666435426
박준우,No.58,2005년 05월 27일,투수(우투우타),상동초(부천시리틀)-부천중-유신고,8000만원,3000만원,24 롯데 4라운드 33순위,24롯데,롯데 자이언츠,190,94,26.038781163434905
박진,No.44,1999년 04월 02일,투수(우투우타),부산대연초-부산중-부산고,8000만원,3300만원,19 롯데 2차 4라운드 38순위,19롯데,롯데 자이언츠,182,106,32.00096606690013
박진형,No.40,1994년 06월 10일,투수(우투우타),영랑초-경포중-강릉고,10000만원,8600만원,13 롯데 2라운드 13순위,15롯데,롯데 자이언츠,181,77,23.503556057507403
반즈,No.28,1995년 10월 01일,투수(좌투좌타),미국 Clemson(대),150000달러,850000달러,22 롯데 자유선발,22롯데,롯데 자이언츠,189,91,25.475210660395845
배세종,No.108,2001년 12월 01일,투수(우투우타),부림초(안양시리틀)-충암중-충암고-동아대,,3000만원,24 롯데 육성선수,,롯데 자이언츠,190,108,29.91689750692521
백두산,No.55,2001년 05월 20일,포수(우투우타),부산수영초-대천중-개성고-동의대,,3000만원,24 롯데 육성선수,24롯데,롯데 자이언츠,180,95,29.320987654320987
서동욱,No.69,2000년 03월 24일,포수(우투우타),순천남산초-순천이수중-순천효천고BC-홍익대,,3300만원,23 롯데 육성선수,23롯데,롯데 자이언츠,175,88,28.73469387755102
소한빈,No.112,2005년 08월 23일,외야수(우투우타),서울중대초-배명중-서울고,3000만원,3000만원,24 롯데 9라운드 83순위,,롯데 자이언츠,179,91,28.40111107643332
손성빈,No.00,2002년 01월 14일,포수(우투우타),희망대초-경기신흥중-장안고-롯데-상무,15000만원,5000만원,21 롯데 1차,21롯데,롯데 자이언츠,186,92,26.59266967279454
손호영,No.33,1994년 08월 23일,내야수(우투우타),의왕부곡초-평촌중-충훈고-LG,,4500만원,20 LG 2차 3라운드 23순위,14시카고컵스,롯데 자이언츠,182,88,26.56683975365294
송재영,No.59,2002년 06월 20일,투수(좌투좌타),수원잠원초(수원영통구리틀)-매향중-라온고-롯데-상무,6000만원,3100만원,21 롯데 2차 4라운드 31순위,21롯데,롯데 자이언츠,181,84,25.640242971826257
신병률,No.60,1996년 01월 30일,투수(우언우타),둔촌초-잠신중-휘문고-단국대-KT,6000만원,3100만원,18 KT 2차 6라운드 51순위,18KT,롯데 자이언츠,175,83,27.10204081632653
신윤후,No.3,1996년 01월 05일,내야수(우투우타),무학초-마산중-마산고-동의대,3000만원,5200만원,19 롯데 2차 10라운드 98순위,19롯데,롯데 자이언츠,177,77,24.577867151840145
신정락,No.,1987년 05월 13일,투수(우언좌타),천안남산초-천안북중-북일고-고려대-LG-한화,30000만원,8000만원,10 LG 1라운드 1순위,10LG,롯데 자이언츠,178,78,24.61810377477591
심재민,No.39,1994년 02월 18일,투수(좌투우타),장유초(김해엔젤스리틀)-개성중-개성고-(전남과학대)-KT,25000만원,9400만원,14 KT 우선지명,14KT,롯데 자이언츠,182,92,27.77442337881898
안우진,No.109,2005년 07월 22일,내야수(우투우타),서울학동초-덕수중-휘문고,4000만원,3000만원,24 롯데 8라운드 73순위,,롯데 자이언츠,181,83,25.33500198406642
엄장윤,No.122,2003년 10월 07일,포수(우투우타),사직초(부산동래구리틀)-사직중-부경고,2000만원,,22 롯데 2차 8라운드 74순위,,롯데 자이언츠,179,78,24.343809494085704
오선진,No.6,1989년 07월 07일,내야수(우투우타),화곡초-성남중-성남고-한화-상무-한화-삼성-한화,6000만원,10000만원,08 한화 2차 4라운드 26순위,08한화,롯데 자이언츠,178,80,25.24933720489837
윌커슨,No.46,1989년 05월 24일,투수(우투우타),미국 Cumberland(대),,600000달러,23 롯데 자유선발,23롯데,롯데 자이언츠,188,104,29.425079221367135
유강남,No.27,1992년 07월 15일,포수(우투우타),청원초-휘문중-서울고-LG-상무-LG,4000만원,100000만원,11 LG 7라운드 50순위,11LG,롯데 자이언츠,182,88,26.56683975365294
유제모,No.,2003년 02월 26일,외야수(우투좌타),안양부흥초(안양시동안구리틀)-평촌중-야탑고-동의과학대,3000만원,3000만원,24 롯데 11라운드 103순위,,롯데 자이언츠,178,78,24.61810377477591
윤동희,No.91,2003년 09월 18일,외야수(우투우타),현산초-대원중-야탑고,8000만원,9000만원,22 롯데 2차 3라운드 24순위,22롯데,롯데 자이언츠,187,85,24.307243558580453
윤성빈,No.45,1999년 02월 26일,투수(우투우타),동일중앙초-경남중-부산고,45000만원,3100만원,17 롯데 1차,17롯데,롯데 자이언츠,197,90,23.19049704965343
이민석,No.30,2003년 12월 10일,투수(우투우타),부산수영초-대천중-개성고,20000만원,3800만원,22 롯데 1차,22롯데,롯데 자이언츠,189,95,26.595000139973685
이병준,No.118,2002년 05월 28일,투수(우투우타),부산청동초(영도구리틀)-경남중-개성고,3000만원,3000만원,21 롯데 2차 7라운드 61순위,,롯데 자이언츠,185,95,27.757487216946675
이선우,No.95,2005년 02월 22일,외야수(우투우타),충암초(서대문구리틀)-서울신월중-덕수고,5000만원,3000만원,24 롯데 7라운드 63순위,24롯데,롯데 자이언츠,180,74,22.839506172839503
이승헌,No.47,1998년 12월 19일,투수(우투우타),무학초-마산동중-용마고,18000만원,5300만원,18 롯데 2차 1라운드 3순위,18롯데,롯데 자이언츠,196,97,25.249895876718035
이인복,No.35,1991년 06월 18일,투수(우투우타),희망대초-성일중-서울고-연세대-롯데-경찰,12000만원,10000만원,14 롯데 2차 2라운드 20순위,14롯데,롯데 자이언츠,187,97,27.738854413909458
이인한,No.54,1998년 12월 24일,외야수(우투우타),광주대성초-심석중-강릉고-강릉영동대,3000만원,3000만원,20 KIA 2차 9라운드 86순위,24롯데,롯데 자이언츠,183,100,29.860551225775623
이정훈,No.48,1994년 12월 07일,외야수(우투좌타),교문초-배재중-휘문고-경희대-KIA-상무-KIA,3000만원,6000만원,17 KIA 2차 10라운드 94순위,17KIA,롯데 자이언츠,185,90,26.29656683710737
이주찬,No.63,1998년 09월 21일,내야수(우투우타),송수초(해운대리틀)-센텀중-경남고-동의대,,3100만원,21 롯데 육성선수,21롯데,롯데 자이언츠,181,86,26.25072494734593
이진하,No.62,2004년 06월 02일,투수(우투우타),백송초(일산리틀)-영남중-장충고-롯데-상무,15000만원,3200만원,23 롯데 2라운드 13순위,23롯데,상무 ,191,96,26.315068117650284
이태연,No.54,2004년 02월 21일,투수(좌투좌타),화곡초-영남중-충암고-롯데-상무,6000만원,3100만원,23 롯데 6라운드 53순위,23롯데,상무 ,180,80,24.69135802469136
이학주,No.7,1990년 11월 04일,내야수(우투좌타),하안북초-양천중-충암고-삼성,,9200만원,19 삼성 2차 1라운드 2순위,09시카고컵스,롯데 자이언츠,187,87,24.879178701135288
이호준,No.98,2004년 03월 20일,내야수(우투좌타),대구옥산초-대구경운중-대구상원고,10000만원,3000만원,24 롯데 3라운드 23순위,24롯데,롯데 자이언츠,172,72,24.337479718766904
임준섭,No.57,1989년 07월 16일,투수(좌투좌타),부산대연초-부산중-개성고-경성대-KIA-한화-SSG,11000만원,4000만원,12 KIA 2라운드 15순위,13KIA,롯데 자이언츠,181,88,26.8612069228656
장두성,No.13,1999년 09월 16일,외야수(우투좌타),축현초-재능중-동산고,3000만원,4000만원,18 롯데 2차 10라운드 93순위,21롯데,롯데 자이언츠,176,75,24.212293388429757
전미르,No.61,2005년 08월 15일,투수(우투우타),본리초-협성경복중-경북고,30000만원,3000만원,24 롯데 1라운드 3순위,24롯데,롯데 자이언츠,187,100,28.59675712774171
전준우,No.8,1986년 02월 25일,외야수(우투우타),흥무초-경주중-경주고-건국대-롯데-경찰,10000만원,130000만원,08 롯데 2차 2라운드 15순위,08롯데,롯데 자이언츠,184,98,28.946124763705104
전하원,No.100,2005년 10월 30일,투수(우투우타),수유초-충암중-서울자동차고,3000만원,3000만원,24 롯데 10라운드 93순위,,롯데 자이언츠,184,86,25.401701323251416
정대선,No.68,2004년 11월 16일,내야수(우투우타),서흥초-동산중-세광고,7000만원,3200만원,23 롯데 5라운드 43순위,23롯데,롯데 자이언츠,185,85,24.83564645726808
정보근,No.42,1999년 08월 31일,포수(우투우타),부산수영초-경남중-경남고,3000만원,7500만원,18 롯데 2차 9라운드 83순위,19롯데,롯데 자이언츠,175,94,30.693877551020407
정성종,No.18,1995년 11월 16일,투수(우투좌타),광주서석초-무등중-광주제일고-인하대-롯데-상무,10000만원,3900만원,18 롯데 2차 2라운드 13순위,18롯데,롯데 자이언츠,181,93,28.387411861664784
정우준,No.12,2000년 03월 17일,투수(우투우타),태랑초(남양주리틀)-청원중-서울고-강릉영동대-롯데-상무,5000만원,3100만원,21 롯데 2차 6라운드 51순위,21롯데,롯데 자이언츠,180,82,25.30864197530864
정재환,No.120,2004년 04월 14일,포수(우투우타),반안초(해운대리틀)-센텀중-부산고,3000만원,3000만원,23 롯데 9라운드 83순위,,롯데 자이언츠,185,94,27.46530314097881
정현수,No.37,2001년 05월 10일,투수(좌투좌타),부산대연초-부산중-부산고-송원대,15000만원,3000만원,24 롯데 2라운드 13순위,24롯데,롯데 자이언츠,180,84,25.925925925925924
정훈,No.9,1987년 07월 18일,내야수(우투우타),양덕초-마산동중-용마고,,30000만원,06 현대 육성선수,10롯데,롯데 자이언츠,180,85,26.234567901234566
지시완,No.,1994년 04월 10일,포수(우투우타),청주우암초-청주중-청주고-한화-롯데,,5800만원,14 한화 육성선수,14한화,롯데 자이언츠,181,105,32.05030371478282
진승현,No.26,2003년 09월 05일,투수(우투좌타),본리초-대구협성경복중-경북고,12000만원,4300만원,22 롯데 2차 2라운드 14순위,22롯데,롯데 자이언츠,184,108,31.899810964083173
진해수,No.31,1986년 06월 26일,투수(좌투좌타),동삼초-경남중-부경고-KIA-상무-KIA-SK-LG,4000만원,15000만원,05 KIA 2차 7라운드 50순위,06KIA,롯데 자이언츠,187,85,24.307243558580453
최설우,No.,1992년 02월 20일,투수(우투우타),감천초-대동중-개성고-동아대-(영남사이버대)-한화-롯데,15000만원,4000만원,14 한화 2차 1라운드 2순위,14한화,롯데 자이언츠,179,93,29.025311319871417
최우인,No.119,2002년 08월 09일,투수(우투우타),가동초-대치중-서울고,3000만원,3000만원,21 롯데 2차 8라운드 71순위,,롯데 자이언츠,191,91,24.94449165318933
최이준,No.49,1999년 04월 10일,투수(우투우타),서울이수초-대치중-장충고-KT,11000만원,3800만원,18 KT 2차 2라운드 11순위,18KT,롯데 자이언츠,182,90,27.17063156623596
최종은,No.106,1998년 10월 12일,내야수(우투좌타),고골초(하남시리틀)-청량중-장충고-중앙대,,3000만원,21 롯데 육성선수,21롯데,롯데 자이언츠,178,82,25.88057063502083
최준용,No.56,2001년 10월 10일,투수(우투우타),부산수영초-대천중-경남고,25000만원,16300만원,20 롯데 1차,20롯데,롯데 자이언츠,185,85,24.83564645726808
최항,No.14,1994년 01월 03일,내야수(우투좌타),대일초-매송중-유신고-SK-SSG,,3100만원,12 SK 8라운드 70순위,17SK,롯데 자이언츠,183,88,26.27728507868255
추재현,No.41,1999년 02월 22일,외야수(좌투좌타),경수초(성동구리틀)-건대부중-신일고-히어로즈-키움-롯데-상무,8000만원,5600만원,18 넥센 2차 3라운드 28순위,18넥센,롯데 자이언츠,178,86,27.143037495265748
하혜성,No.123,2003년 06월 09일,투수(우투우타),서울도곡초-언북중-덕수고,6000만원,,22 롯데 2차 5라운드 44순위,,롯데 자이언츠,191,85,23.299799895836188
한동희,No.10,1999년 06월 01일,내야수(우투우타),부산대연초-경남중-경남고-롯데-상무,18000만원,16200만원,18 롯데 1차,18롯데,상무 ,182,108,32.60475787948315
한현희,No.1,1993년 06월 25일,투수(우언우타),동삼초-경남중-경남고-히어로즈-키움,23000만원,30000만원,12 넥센 1라운드 2순위,12넥센,롯데 자이언츠,182,98,29.585798816568044
현도훈,No.17,1993년 01월 13일,투수(우투좌타),풍양초(남양주리틀)-경기신일중-일본 교토고쿠사이고-일본 큐슈교리츠대-두,,3200만원,18 두산 육성선수,18두산,롯데 자이언츠,188,95,26.87867813490267
홍민기,No.38,2001년 07월 20일,투수(좌투좌타),법동초-한밭중-대전고,16000만원,3100만원,20 롯데 2차 1라운드 4순위,20롯데,롯데 자이언츠,185,85,24.83564645726808
황성빈,No.0,1997년 12월 19일,외야수(우투좌타),관산초-안산중앙중-소래고-경남대,7000만원,7600만원,20 롯데 2차 5라운드 44순위,22롯데,롯데 자이언츠,172,76,25.689561925365066
강재민,No.,1997년 04월 03일,투수(우언우타),양덕초-마산중-용마고-단국대,8000만원,14500만원,20 한화 2차 4라운드 38순위,20한화,한화 이글스,180,89,27.469135802469133
권광민,No.17,1997년 12월 12일,외야수(좌투좌타),서울청구초-홍은중-장충고,,3300만원,22 한화 2차 5라운드 41순위,16시카고컵스,한화 이글스,189,102,28.554631729234902
권동욱,No.,2001년 01월 08일,외야수(우투우타),가동초-휘문중-배명고-동국대-한화,,3000만원,24 한화 육성선수,,한화 이글스,173,85,28.40054796351365
권현,No.111,2005년 02월 23일,외야수(우투우타),사당초-언북중-장충고,3000만원,3000만원,24 한화 10라운드 91순위,,한화 이글스,182,88,26.56683975365294
김강민,No.9,1982년 09월 13일,외야수(우투우타),본리초-대구중-경북고-SK-SSG,11000만원,11000만원,01 SK 2차 2라운드 18순위,01SK,한화 이글스,182,87,26.26494384736143
김건,No.56,2000년 02월 23일,내야수(우투우타),양정초-개성중-경남고,7000만원,3200만원,19 한화 2차 5라운드 43순위,20한화,한화 이글스,183,79,23.589835468362743
김규연,No.60,2002년 08월 23일,투수(우투우타),동수원초(수원영통구리틀)-매향중-공주고,4000만원,4100만원,21 한화 2차 8라운드 72순위,22한화,한화 이글스,183,91,27.173101615455817
김기중,No.15,2002년 11월 16일,투수(좌투좌타),의왕부곡초-매송중-유신고,15000만원,4400만원,21 한화 2차 1라운드 2순위,21한화,한화 이글스,186,96,27.74887270204648
김도빈,No.62,2001년 01월 05일,투수(우투우타),서화초-경기신흥중-성지고-강릉영동대,,3000만원,24 한화 육성선수,24한화,한화 이글스,190,95,26.31578947368421
김민기,No.2,1999년 06월 12일,내야수(우투우타),영원초(영등포구리틀)-선린중-덕수고,5000만원,3000만원,18 한화 2차 7라운드 64순위,18한화,한화 이글스,175,80,26.12244897959184
김민우,No.53,1995년 07월 25일,투수(우투우타),사파초-마산중-용마고,20000만원,16700만원,15 한화 2차 1라운드 1순위,15한화,한화 이글스,186,123,35.55324314949705
김범수,No.47,1995년 10월 03일,투수(좌투좌타),온양온천초-온양중-북일고,20000만원,19300만원,15 한화 1차,15한화,한화 이글스,181,92,28.082170873904943
김범준,No.93,2000년 09월 30일,투수(우투우타),서울도곡초-글로벌선진중-충암고,3000만원,3000만원,20 한화 2차 9라운드 88순위,,한화 이글스,175,79,25.79591836734694
김서현,No.54,2004년 05월 31일,투수(우투우타),효제초-자양중-서울고,50000만원,3300만원,23 한화 1라운드 1순위,23한화,한화 이글스,188,86,24.332277048438208
김선동,No.03,2000년 10월 30일,외야수(우투좌타),은어송초(대전동구리틀)-한밭중-대전고-원광대,,3000만원,24 한화 육성선수,,한화 이글스,180,77,23.76543209876543
김승일,No.69,2001년 07월 07일,투수(우언우타),해강초(해운대리틀)-센텀중-경남고,3000만원,3000만원,20 한화 2차 10라운드 98순위,24한화,한화 이글스,183,85,25.38146854190928
김인환,No.37,1994년 01월 28일,내야수(우투좌타),화순초-화순중-화순고-성균관대,,6900만원,16 한화 육성선수,18한화,한화 이글스,186,100,28.90507573129841
김종수,No.38,1994년 06월 03일,투수(우투우타),성동초-덕수중-울산공고,3000만원,6800만원,13 한화 8라운드 74순위,13한화,한화 이글스,180,88,27.160493827160494
김준석,No.,2001년 03월 26일,외야수(우투좌타),갈산초-서울신월중-북일고-강릉영동대-한화,,3000만원,22 한화 육성선수,,한화 이글스,177,86,27.4506048708864
김진욱,No.,2000년 01월 13일,투수(우투우타),망원초(마포구리틀)-신일중-유신고,3000만원,3000만원,18 한화 2차 10라운드 94순위,18한화,한화 이글스,176,79,25.50361570247934
김태연,No.25,1997년 06월 10일,내야수(우투우타),서울청구초-덕수중-야탑고,5000만원,7800만원,16 한화 2차 6라운드 59순위,17한화,한화 이글스,178,96,30.29920464587805
김현우,No.,2000년 04월 07일,포수(우투우타),양덕초(창원리틀)-마산동중-용마고-롯데-한화,,3000만원,19 롯데 2차 7라운드 68순위,,한화 이글스,176,89,28.731921487603305
남지민,No.11,2001년 02월 12일,투수(우투우타),양정초-개성중-부산정보고,16000만원,4000만원,20 한화 2차 1라운드 8순위,20한화,한화 이글스,181,100,30.52409877598364
노시환,No.8,2000년 12월 03일,내야수(우투우타),부산수영초-경남중-경남고,20000만원,35000만원,19 한화 2차 1라운드 3순위,19한화,한화 이글스,185,105,30.67932797662527
류현진,No.99,1987년 03월 25일,투수(좌투우타),창영초-동산중-동산고-(대전대)-한화-LA다저스-토론토,25000만원,250000만원,06 한화 2차 1라운드 2순위,06한화,한화 이글스,190,113,31.301939058171747
문동주,No.1,2003년 12월 23일,투수(우투우타),광주화정초-무등중-진흥고,50000만원,10000만원,22 한화 1차,22한화,한화 이글스,188,97,27.44454504300589
문승진,No.101,2002년 04월 02일,투수(우투우타),서울청구초-홍은중-서울고,3000만원,3000만원,21 한화 2차 10라운드 92순위,,한화 이글스,185,91,26.588750913075238
문현빈,No.64,2004년 04월 20일,내야수(우투좌타),대전유천초-온양중-북일고,15000만원,8000만원,23 한화 2라운드 11순위,23한화,한화 이글스,174,82,27.08415906989034
바리아,No.20,1996년 07월 18일,투수(우투우타),파나마,70000달러,480000달러,24 한화 자유선발,24한화,한화 이글스,185,95,27.757487216946675
박상언,No.42,1997년 03월 03일,포수(우투우타),무원초-영남중-유신고-한화-상무,4000만원,4200만원,16 한화 2차 8라운드 79순위,17한화,한화 이글스,185,90,26.29656683710737
박상원,No.58,1994년 09월 09일,투수(우투우타),백운초-서울이수중-휘문고-연세대,8000만원,19500만원,17 한화 2차 3라운드 25순위,17한화,한화 이글스,187,98,28.024821985186875
박성웅,No.63,1999년 08월 20일,투수(좌투좌타),광주서석초-충장중-광주제일고,10000만원,3300만원,18 한화 2차 2라운드 14순위,18한화,한화 이글스,178,109,34.40222194167403
배동현,No.61,1998년 03월 16일,투수(우투좌타),판곡초(양평리틀)-언북중-경기고-한일장신대-한화-상무,6000만원,3500만원,21 한화 2차 5라운드 42순위,21한화,한화 이글스,183,83,24.78425751739377
배민서,No.39,1999년 11월 18일,투수(우언우타),대구수창초-경운중-대구상원고-NC-상무-NC,7000만원,5100만원,19 NC 2차 4라운드 37순위,19NC,한화 이글스,184,90,26.583175803402646
산체스,No.34,1997년 04월 11일,투수(좌투좌타),베네수엘라 Fernando Ramirez(고),,500000달러,23 한화 자유선발,23한화,한화 이글스,178,99,31.24605479106173
서정훈,No.,2001년 07월 09일,포수(우투우타),백마초-원당중-백송고-단국대-한화,,3000만원,24 한화 육성선수,,한화 이글스,184,91,26.87854442344045
성지훈,No.97,2000년 01월 29일,투수(좌투좌타),송정동초-무등중-광주제일고-동아대,,3000만원,23 한화 육성선수,24한화,한화 이글스,181,68,20.75638716766888
송성훈,No.105,2004년 06월 24일,투수(우언우타),대전유천초-충남중-대전고,5000만원,3000만원,23 한화 7라운드 61순위,,한화 이글스,185,84,24.543462381300216
송호정,No.102,2002년 03월 10일,내야수(우투좌타),수유초-자양중-서울고,10000만원,,21 한화 2차 2라운드 12순위,21한화,한화 이글스,185,78,22.79035792549306
승지환,No.112,2005년 07월 25일,투수(우투우타),안흥초(이천시리틀)-모가중-유신고,3000만원,3000만원,24 한화 11라운드 101순위,,한화 이글스,187,89,25.45111384369012
신우재,No.114,1997년 11월 16일,외야수(우투우타),인천숭의초-자양중-세광고-인천재능대,,3000만원,23 한화 육성선수,,한화 이글스,183,97,28.96473468900236
신지후,No.117,2001년 06월 12일,투수(우투우타),대전유천초-충남중-북일고,22000만원,,20 한화 1차,20한화,한화 이글스,198,112,28.568513416998265
안진,No.44,2002년 11월 26일,포수(우투우타),인헌초-영남중-경기상고,3000만원,3000만원,21 한화 2차 9라운드 82순위,,한화 이글스,183,90,26.874496103198062
안치홍,No.3,1990년 07월 02일,내야수(우투우타),구지초(구리리틀)-대치중-서울고-KIA-경찰-KIA-롯데,18000만원,50000만원,09 KIA 2차 1라운드 1순위,09KIA,한화 이글스,178,97,30.614821360939278
오동욱,No.,2001년 02월 04일,투수(우투우타),광주서림초-진흥중-진흥고-한화-상무-한화,5000만원,3600만원,19 한화 2차 6라운드 53순위,20한화,한화 이글스,185,80,23.37472607742878
오세훈,No.67,1999년 09월 28일,투수(좌투좌타),진북초-전라중-영선고-두산,,3000만원,21 두산 육성선수,,한화 이글스,181,82,25.029760996306585
와이스,No.55,1996년 12월 10일,투수(우투우타),미국 Wright State(대),12000달러,210000달러,24 한화 부상 대체 외국인선수,24한화,한화 이글스,193,100,26.84635829149776
원종혁,No.110,2005년 08월 27일,투수(우투우타),서울도곡초-휘문중-구리인창고,3000만원,3000만원,24 한화 9라운드 81순위,,한화 이글스,184,92,27.173913043478255
유로결,No.33,2000년 05월 30일,외야수(우투우타),광주서림초-광주동성중-광주제일고,11000만원,3300만원,19 한화 2차 2라운드 13순위,19한화,한화 이글스,186,83,23.991212856977683
유민,No.106,2003년 01월 20일,외야수(우투우타),역삼초-대치중-배명고,9000만원,,22 한화 2차 3라운드 21순위,22한화,한화 이글스,187,92,26.309016557522373
윤대경,No.5,1994년 04월 09일,투수(우투우타),인천서림초-동인천중-인천고-삼성,5000만원,11000만원,13 삼성 7라운드 65순위,13삼성,한화 이글스,179,81,25.280109859242845
이기창,No.107,2005년 04월 21일,투수(우투우타),새빛초(수원영통구리틀)-매향중-유신고,6000만원,3000만원,24 한화 5라운드 41순위,,한화 이글스,184,88,25.99243856332703
이도윤,No.7,1996년 10월 07일,내야수(우투좌타),고명초-배재중-북일고,8000만원,7500만원,15 한화 2차 3라운드 24순위,15한화,한화 이글스,175,79,25.79591836734694
이명기,No.14,1987년 12월 26일,외야수(좌투좌타),서화초-상인천중-인천고-SK-KIA-NC,3000만원,5000만원,06 SK 2차 8라운드 63순위,06SK,한화 이글스,183,87,25.97867956642479
이민우,No.27,1993년 02월 09일,투수(우투우타),순천북초-순천이수중-효천고-경성대-KIA,24000만원,5600만원,15 KIA 1차,17KIA,한화 이글스,185,104,30.38714390065741
이민준,No.49,2004년 02월 02일,내야수(우투우타),화곡초-강남중-장충고,11000만원,3100만원,23 한화 3라운드 21순위,23한화,한화 이글스,185,74,21.62162162162162
이상규,No.18,1996년 10월 20일,투수(우투우타),흥인초-청원중-청원고-LG,4000만원,4400만원,15 LG 2차 7라운드 70순위,19LG,한화 이글스,185,77,22.4981738495252
이상혁,No.65,2001년 09월 14일,외야수(우투좌타),수원영화초(군포시리틀)-수원북중-장안고-강릉영동대,,3100만원,22 한화 육성선수,23한화,한화 이글스,174,65,21.469150482230148
이성민,No.113,2002년 09월 28일,투수(우투우타),남부민초-부산중-부경고,4000만원,,22 한화 2차 7라운드 61순위,,한화 이글스,191,92,25.21860694608152
이성원,No.,1999년 11월 02일,내야수(우투우타),수원신곡초-매향중-장안고-한화,6000만원,3000만원,18 한화 2차 6라운드 54순위,,한화 이글스,185,115,33.60116873630387
이승관,No.4,1999년 12월 01일,투수(좌투좌타),도신초-개군중-야탑고-한화-상무,15000만원,3100만원,18 한화 2차 1라운드 4순위,18한화,한화 이글스,182,92,27.77442337881898
이승현,No.109,2005년 06월 08일,포수(우투우타),도산초-경상중-경북고,4000만원,3000만원,24 한화 8라운드 71순위,,한화 이글스,180,92,28.39506172839506
이원석,No.50,1999년 03월 31일,외야수(우투우타),화곡초-충암중-충암고,8000만원,3600만원,18 한화 2차 4라운드 34순위,19한화,한화 이글스,177,69,22.024322512687924
이재용,No.12,1999년 02월 28일,포수(우투우타),장자초(구리리틀)-자양중-배재고-NC,6000만원,3100만원,17 NC 2차 5라운드 48순위,17NC,한화 이글스,182,86,25.96304794106992
이재원,No.32,1988년 02월 24일,포수(우투우타),인천숭의초-상인천중-인천고-SK-상무-SK-SSG,25000만원,5000만원,06 SK 1차,06SK,한화 이글스,185,98,28.63403944485025
이정훈,No.115,2000년 09월 08일,투수(좌투좌타),부산수영초(해운대리틀)-센텀중-경남고-KT,10000만원,,19 KT 2차 2라운드 11순위,19KT,한화 이글스,183,80,23.888440980620494
이진영,No.45,1997년 07월 21일,외야수(우투우타),둔촌초-선린중-선린인터넷고-KIA-경찰-KIA,5000만원,7000만원,16 KIA 2차 6라운드 58순위,16KIA,한화 이글스,183,89,26.575890590940304
이충호,No.19,1994년 09월 20일,투수(좌투좌타),인헌초-선린중-충암고,7000만원,3400만원,13 한화 4라운드 38순위,13한화,한화 이글스,182,82,24.755464315903875
이태양,No.46,1990년 07월 03일,투수(우투좌타),여수서초-여수중-효천고-한화-SK-SSG,7000만원,50000만원,10 한화 5라운드 36순위,10한화,한화 이글스,192,97,26.31293402777778
임종찬,No.24,2001년 09월 28일,외야수(우투좌타),청주우암초-청주중-북일고,9000만원,3400만원,20 한화 2차 3라운드 28순위,20한화,한화 이글스,184,85,25.10633270321361
장규현,No.96,2002년 06월 28일,포수(우투좌타),인성초(미추홀구리틀)-동인천중-인천고-한화-상무,7000만원,3200만원,21 한화 2차 4라운드 32순위,21한화,한화 이글스,183,96,28.6661291767446
장민재,No.36,1990년 03월 19일,투수(우투우타),광주화정초-무등중-광주제일고,8000만원,15000만원,09 한화 2차 3라운드 22순위,09한화,한화 이글스,184,106,31.30907372400756
장시환,No.28,1987년 11월 01일,투수(우투우타),태안초-태안중-북일고-현대-히어로즈-상무-히어로즈-KT-롯데,18000만원,20000만원,07 현대 2차 1라운드 2순위,07현대,한화 이글스,184,97,28.65075614366729
장지수,No.40,2000년 05월 25일,투수(우투우타),사당초-강남중-성남고-KIA-상무-KIA,10000만원,3200만원,19 KIA 2차 2라운드 20순위,19KIA,한화 이글스,179,80,24.9680097375238
장진혁,No.51,1993년 09월 30일,외야수(우투좌타),광주화정초-충장중-광주제일고-단국대,7000만원,5800만원,16 한화 2차 4라운드 39순위,18한화,한화 이글스,184,90,26.583175803402646
정안석,No.116,2005년 01월 26일,내야수(우투좌타),염동초(강서구리틀)-서울신월중-휘문고,10000만원,3000만원,24 한화 3라운드 21순위,24한화,한화 이글스,183,78,23.291229956104985
정우람,No.57,1985년 06월 01일,투수(좌투좌타),하단초-대동중-경남상고-SK,8500만원,10000만원,04 SK 2차 2라운드 11순위,04SK,한화 이글스,181,83,25.33500198406642
정은원,No.43,2000년 01월 17일,내야수(우투좌타),상인천초-상인천중-인천고,9000만원,17800만원,18 한화 2차 3라운드 24순위,18한화,한화 이글스,177,84,26.812218711098343
정이황,No.31,2000년 03월 07일,투수(우투우타),부산수영초-경남중-부산고,8000만원,3000만원,19 한화 2차 3라운드 23순위,19한화,한화 이글스,190,89,24.653739612188367
조동욱,No.68,2004년 11월 02일,투수(좌투좌타),소래초-영남중-장충고,15000만원,3000만원,24 한화 2라운드 11순위,24한화,한화 이글스,190,82,22.71468144044321
조은,No.103,2001년 04월 01일,투수(우언우타),대전신흥초(대전동구리틀)-한밭중-대전고,8000만원,,21 한화 2차 3라운드 22순위,21한화,한화 이글스,186,80,23.12406058503873
조한민,No.48,2000년 10월 20일,내야수(우투우타),군산중앙초-군산중-대전고-한화-상무,4000만원,3800만원,19 한화 2차 8라운드 73순위,20한화,한화 이글스,182,77,23.24598478444632
주현상,No.66,1992년 08월 10일,투수(우투우타),청주우암초-청주중-청주고-동아대,5000만원,11000만원,15 한화 2차 7라운드 64순위,15한화,한화 이글스,177,92,29.365763350250564
채은성,No.22,1990년 02월 06일,외야수(우투우타),순천북초-순천이수중-효천고-LG,,100000만원,09 LG 육성선수,14LG,한화 이글스,186,92,26.59266967279454
최인호,No.41,2000년 01월 30일,외야수(우투좌타),송정동초-광주동성중-포항제철고-한화-상무,6000만원,4800만원,20 한화 2차 6라운드 58순위,20한화,한화 이글스,178,82,25.88057063502083
최재훈,No.13,1989년 08월 27일,포수(우투우타),화곡초-덕수중-덕수고-(방송통신대)-두산-경찰-두산,,60000만원,08 두산 육성선수,08두산,한화 이글스,178,94,29.667971215755585
최준서,No.108,2000년 06월 29일,외야수(우투좌타),인천숭의초-율곡중-율곡고-동국대,6000만원,3000만원,24 한화 6라운드 51순위,,한화 이글스,182,77,23.24598478444632
페냐,No.,1990년 01월 25일,투수(우투우타),도미니카 Crecimiento Credy(고)-한화,100000달러,650000달러,22 한화 자유선발,22한화,한화 이글스,188,99,28.010411951109106
페라자,No.30,1998년 11월 10일,외야수(우투양타),베네수엘라 San Isidro Labrador(고),200000달러,600000달러,24 한화 자유선발,24한화,한화 이글스,175,88,28.73469387755102
하주석,No.16,1994년 02월 25일,내야수(우투좌타),강남초-덕수중-신일고-한화-상무,30000만원,7000만원,12 한화 1라운드 1순위,12한화,한화 이글스,185,92,26.88093498904309
한경빈,No.6,1998년 12월 11일,내야수(우투좌타),인천서림초-상인천중-동산고-인천재능대,,3000만원,22 한화 육성선수,24한화,한화 이글스,178,69,21.777553339224845
한승주,No.59,2001년 03월 17일,투수(우투우타),부산수영초-대천중-부산고,11000만원,4500만원,20 한화 2차 2라운드 18순위,20한화,한화 이글스,184,83,24.515595463137995
한승혁,No.26,1993년 01월 03일,투수(우투좌타),도신초-강남중-덕수고-(남부대)-KIA,18000만원,4900만원,11 KIA 1라운드 8순위,11KIA,한화 이글스,185,100,29.218407596785973
허관회,No.10,1999년 02월 12일,포수(우투우타),경동초(의정부리틀)-건대부중-경기고,3000만원,3300만원,19 한화 2차 9라운드 83순위,20한화,한화 이글스,176,93,30.02324380165289
허인서,No.94,2003년 07월 11일,포수(우투우타),순천북초-여수중-효천고-한화-상무,11000만원,,22 한화 2차 2라운드 11순위,22한화,한화 이글스,182,95,28.680111097693512
황영묵,No.95,1999년 10월 16일,내야수(우투좌타),수진초-성일중-충훈고,8000만원,3000만원,24 한화 4라운드 31순위,24한화,한화 이글스,177,80,25.53544639152223
황준서,No.29,2005년 08월 22일,투수(좌투좌타),면일초(중랑구리틀)-상명중-장충고,35000만원,3000만원,24 한화 1라운드 1순위,24한화,한화 이글스,185,78,22.79035792549306
강건준,No.,2003년 07월 14일,투수(우투우타),중대초-배명중-배명고-NC,6000만원,3000만원,23 NC 5라운드 44순위,24NC,NC 다이노스,186,84,24.280263614290668
강태경,No.97,2001년 07월 26일,투수(우투좌타),양덕초-잠실중-배명고,7000만원,,20 NC 2차 5라운드 41순위,21NC,NC 다이노스,188,95,26.87867813490267
고승완,No.108,2001년 03월 15일,외야수(우투좌타),광주대성초-무등중-광주동성고-연세대,3000만원,3000만원,24 NC 9라운드 85순위,,NC 다이노스,178,81,25.5649539199596
권희동,No.36,1990년 12월 30일,외야수(우투우타),동천초-경주중-경주고-경남대-NC-상무,3000만원,15000만원,13 NC 9라운드 84순위,13NC,NC 다이노스,177,85,27.13141179099237
김민규,No.63,2001년 09월 07일,투수(우투우타),광주서석초-진흥중-광주동성고-경성대,,3000만원,24 NC 육성선수,24NC,NC 다이노스,183,84,25.082863029651524
김민균,No.9,2005년 01월 18일,투수(좌투좌타),가동초-자양중-경기고,9000만원,3000만원,24 NC 3라운드 25순위,24NC,NC 다이노스,188,88,24.898143956541425
김범준,No.66,2000년 04월 20일,외야수(우투우타),울산대현초-제일중-대구고,6000만원,3000만원,19 NC 2차 5라운드 47순위,24NC,NC 다이노스,183,90,26.874496103198062
김성욱,No.38,1993년 05월 01일,외야수(우투우타),광주서림초-충장중-진흥고-NC-상무,7000만원,9500만원,12 NC 3라운드 32순위,12NC,NC 다이노스,181,83,25.33500198406642
김세훈,No.84,2005년 04월 04일,내야수(우투우타),매호초(경산시리틀)-경운중-경북고,5000만원,3000만원,24 NC 7라운드 61순위,24NC,NC 다이노스,174,77,25.43268595587264
김수윤,No.3,1998년 07월 16일,내야수(우투우타),김해삼성초-개성중-부산고,4000만원,3200만원,17 NC 2차 7라운드 68순위,17NC,NC 다이노스,180,83,25.61728395061728
김시훈,No.21,1999년 02월 24일,투수(우투우타),양덕초-마산동중-마산고,20000만원,11000만원,18 NC 1차,18NC,NC 다이노스,188,95,26.87867813490267
김영규,No.17,2000년 02월 10일,투수(좌투좌타),광주서석초-무등중-광주제일고,4000만원,22500만원,18 NC 2차 8라운드 79순위,18NC,NC 다이노스,188,86,24.332277048438208
김재민,No.109,2005년 08월 31일,포수(우투우타),광주서림초-진흥중-진흥고,3000만원,3000만원,24 NC 10라운드 95순위,,NC 다이노스,178,88,27.77427092538821
김재열,No.32,1996년 01월 02일,투수(우투우타),양정초-개성중-부산고-KIA,3000만원,6000만원,14 롯데 2차 7라운드 71순위,20KIA,NC 다이노스,183,97,28.96473468900236
김정호,No.104,1998년 07월 13일,포수(우투우타),대구옥산초-경복중-포항제철고-성균관대,4000만원,,21 NC 2차 8라운드 76순위,,NC 다이노스,172,84,28.393726338561383
김주원,No.7,2002년 07월 30일,내야수(우투양타),삼일초(군포시리틀)-안산중앙중-유신고,15000만원,16000만원,21 NC 2차 1라운드 6순위,21NC,NC 다이노스,185,83,24.25127830533236
김주환,No.95,2004년 10월 29일,투수(우투우타),여수서초-여수중-효천고,3000만원,3000만원,23 NC 11라운드 104순위,,NC 다이노스,186,95,27.45982194473349
김준원,No.110,2005년 05월 31일,투수(우투우타),칠성초-대구중-경북고,3000만원,3000만원,24 NC 11라운드 105순위,,NC 다이노스,190,82,22.71468144044321
김진호,No.54,1998년 06월 07일,투수(우투우타),의왕부곡초-성일중-광주동성고-NC-경찰,9000만원,6500만원,17 NC 2차 2라운드 18순위,17NC,NC 다이노스,183,90,26.874496103198062
김태경,No.113,2001년 04월 07일,투수(우투우타),김해삼성초-내동중-용마고-NC-상무,15000만원,,20 NC 1차,20NC,NC 다이노스,188,98,27.727478497057493
김태현,No.15,1998년 03월 21일,투수(좌투좌타),김해삼성초-내동중-김해고-NC-경찰,30000만원,4000만원,17 NC 1차,17NC,NC 다이노스,188,95,26.87867813490267
김태호,No.112,2001년 02월 15일,포수(우투양타),신도초(해운대리틀)-센텀중-부산정보고-동아대,,3000만원,24 NC 육성선수,,NC 다이노스,178,93,29.35235450069436
김택우,No.4,2000년 06월 12일,내야수(우투좌타),수원신곡초-수원북중-유신고-연세대,,3000만원,23 NC 육성선수,,NC 다이노스,171,75,25.64891761567662
김한별,No.68,2001년 01월 18일,내야수(우투우타),효제초-선린중-배재고,,3800만원,20 NC 2차 7라운드 61순위,22NC,NC 다이노스,177,85,27.13141179099237
김형준,No.25,1999년 11월 02일,포수(우투우타),가동초-세광중-세광고-NC-상무,15000만원,5800만원,18 NC 2차 1라운드 9순위,18NC,NC 다이노스,187,98,28.024821985186875
김휘건,No.59,2005년 08월 27일,투수(우투우타),소양초-춘천중-휘문고,25000만원,3000만원,24 NC 1라운드 5순위,24NC,NC 다이노스,191,105,28.78210575368
김휘집,No.44,2002년 01월 01일,내야수(우투우타),양목초(히어로즈리틀)-대치중-신일고-키움,10000만원,11000만원,21 키움 2차 1라운드 9순위,21키움,NC 다이노스,180,92,28.39506172839506
노시훈,No.,1998년 08월 04일,투수(우투우타),부산수영초-마산중-용마고,3000만원,3000만원,19 NC 2차 10라운드 97순위,21NC,NC 다이노스,188,95,26.87867813490267
노재원,No.96,2001년 07월 26일,투수(우투우타),중대초-배명중-배명고,,3000만원,23 NC 육성선수,,NC 다이노스,179,93,29.025311319871417
데이비슨,No.24,1991년 03월 26일,내야수(우투우타),미국 Yucaipa(고),140000달러,560000달러,24 NC 자유선발,24NC,NC 다이노스,190,104,28.80886426592798
도태훈,No.16,1993년 03월 18일,내야수(우투좌타),양정초-개성중-부산고-동의대-NC-상무,,8000만원,16 NC 육성선수,16NC,NC 다이노스,184,85,25.10633270321361
류진욱,No.41,1996년 10월 10일,투수(우투우타),양정초-개성중-부산고,10000만원,16500만원,15 NC 2차 2라운드 21순위,15NC,NC 다이노스,189,88,24.635368550712467
목지훈,No.73,2004년 05월 11일,투수(우투우타),효제초-청량중-신일고,8000만원,3000만원,23 NC 4라운드 34순위,23NC,NC 다이노스,181,83,25.33500198406642
문상인,No.,1998년 01월 31일,포수(우투우타),김해삼성초-개성중-경남고-NC,6000만원,3100만원,17 KT 2차 5라운드 41순위,20KT,NC 다이노스,185,79,23.08254200146092
박건우,No.37,1990년 09월 08일,외야수(우투우타),역삼초-서울이수중-서울고-두산-경찰-두산,10000만원,80000만원,09 두산 2차 2라운드 10순위,09두산,NC 다이노스,184,80,23.62948960302457
박동수,No.82,1999년 05월 24일,투수(우투좌타),서울학동초-서울경원중-덕수고-고려대-NC-상무,10000만원,,22 NC 2차 2라운드 20순위,22NC,NC 다이노스,178,86,27.143037495265748
박민우,No.2,1993년 02월 06일,내야수(우투좌타),마포초(용산구리틀)-선린중-휘문고,16000만원,100000만원,12 NC 1라운드 9순위,12NC,NC 다이노스,185,80,23.37472607742878
박세혁,No.10,1990년 01월 09일,포수(우투좌타),수유초-신일중-신일고-고려대-두산-상무-두산,6000만원,70000만원,12 두산 5라운드 47순위,12두산,NC 다이노스,181,86,26.25072494734593
박시원,No.39,2001년 05월 30일,외야수(우투좌타),광주서림초-광주동성중-광주제일고,12000만원,3000만원,20 NC 2차 2라운드 11순위,20NC,NC 다이노스,185,85,24.83564645726808
박영빈,No.101,1997년 07월 16일,외야수(우투좌타),호원초(의정부리틀)-청량중-충암고-경희대,,3200만원,20 NC 육성선수,23NC,NC 다이노스,182,88,26.56683975365294
박인우,No.111,2001년 12월 14일,내야수(우투우타),배봉초(군포시리틀)-청량중-배명고-용인예술과학대,,3000만원,24 NC 육성선수,,NC 다이노스,177,80,25.53544639152223
박주찬,No.6,1996년 01월 11일,내야수(우투우타),동막초-경포중-강릉고-동아대,,3100만원,19 NC 육성선수,23NC,NC 다이노스,178,84,26.511804065143288
박주현,No.67,1999년 08월 03일,투수(좌투좌타),철산초(광명리틀)-영동중-충암고-KT,5000만원,3000만원,18 KT 2차 8라운드 71순위,18KT,NC 다이노스,184,85,25.10633270321361
박지한,No.56,2000년 10월 21일,투수(좌투좌타),동일중앙초-부산중-개성고,4000만원,3000만원,19 NC 2차 8라운드 77순위,,NC 다이노스,185,90,26.29656683710737
박한결,No.60,2004년 04월 26일,외야수(우투우타),본리초-경복중-경북고,15000만원,3100만원,23 NC 2라운드 14순위,23NC,NC 다이노스,181,90,27.471688898385278
배상호,No.,2004년 03월 12일,외야수(좌투좌타),남도초-경상중-경북고,3000만원,3000만원,23 NC 10라운드 94순위,,NC 다이노스,181,75,22.89307408198773
배재환,No.61,1995년 02월 24일,투수(우투우타),가동초-잠신중-서울고-NC-상무,15000만원,6300만원,14 NC 2차 1라운드 1순위,14NC,NC 다이노스,186,95,27.45982194473349
서동욱,No.91,2004년 02월 26일,투수(우투우타),신천초(송파구리틀)-대치중-신일고,3000만원,3000만원,23 NC 9라운드 84순위,23NC,NC 다이노스,177,80,25.53544639152223
서의태,No.58,1997년 09월 05일,투수(좌투좌타),묵동초(남양주리틀)-청량중-경기고-KT-히어로즈-키움,8000만원,3000만원,16 KT 2차 3라운드 21순위,16KT,NC 다이노스,194,115,30.55585078116697
서준교,No.40,2003년 05월 23일,내야수(우투우타),거제제산초(거제리틀)-외포중-김해고,3000만원,3000만원,22 NC 2차 10라운드 100순위,,NC 다이노스,181,83,25.33500198406642
서호철,No.5,1996년 10월 16일,내야수(우투우타),순천남산초-순천이수중-효천고-동의대-NC-상무,3000만원,12000만원,19 NC 2차 9라운드 87순위,20NC,NC 다이노스,179,85,26.528510346119035
소이현,No.50,1999년 02월 09일,투수(우투우타),서울이수초-서울이수중-서울디자인고,8000만원,3200만원,17 NC 2차 3라운드 28순위,17NC,NC 다이노스,185,93,27.173119065010955
손아섭,No.31,1988년 03월 18일,외야수(우투좌타),양정초-개성중-부산고-롯데,8000만원,50000만원,07 롯데 2차 4라운드 29순위,07롯데,NC 다이노스,174,84,27.74474831549742
손주환,No.94,2002년 01월 05일,투수(우투우타),영천초-신정중-물금고-동아대,6000만원,3000만원,24 NC 6라운드 55순위,24NC,NC 다이노스,177,85,27.13141179099237
송명기,No.11,2000년 08월 09일,투수(우투우타),양남초(하남시리틀)-건대부중-장충고,16000만원,13500만원,19 NC 2차 1라운드 7순위,19NC,NC 다이노스,191,93,25.492722238973712
송승환,No.8,2000년 10월 28일,외야수(우투우타),신기초(금천구리틀)-양천중-서울고-두산,10000만원,3500만원,19 두산 2차 2라운드 19순위,19두산,NC 다이노스,183,93,27.77031263997133
신민혁,No.53,1999년 02월 04일,투수(우투우타),염강초(강서구리틀)-매향중-야탑고,6000만원,18000만원,18 NC 2차 5라운드 49순위,20NC,NC 다이노스,184,95,28.060018903591683
신성호,No.70,2003년 09월 28일,내야수(우투우타),김해삼성초-내동중-마산고,5000만원,3000만원,23 NC 7라운드 64순위,,NC 다이노스,178,76,23.98687034465345
신영우,No.43,2004년 04월 21일,투수(우투우타),센텀초-센텀중-경남고,25000만원,3000만원,23 NC 1라운드 4순위,23NC,NC 다이노스,182,84,25.35925612848689
신용석,No.42,2003년 10월 11일,포수(우투우타),양덕초-마산동중-마산고,10000만원,3000만원,23 NC 3라운드 24순위,24NC,NC 다이노스,181,91,27.776929886145112
심창민,No.18,1993년 02월 01일,투수(우언우타),동삼초-경남중-경남고-삼성-상무-삼성,20000만원,8500만원,11 삼성 1라운드 4순위,11삼성,NC 다이노스,185,86,25.127830533235937
안인산,No.87,2001년 02월 27일,내야수(우투우타),군포오금초(안양시리틀)-평촌중-야탑고,10000만원,3000만원,20 NC 2차 3라운드 21순위,20NC,NC 다이노스,181,95,28.997893837184456
안중열,No.1,1995년 09월 01일,포수(우투우타),가야초-개성중-부산고-(영남사이버대)-KT-롯데-상무-롯데,13000만원,7100만원,14 KT 2차 특별 15순위,14KT,NC 다이노스,176,87,28.08626033057851
오영수,No.34,2000년 01월 30일,내야수(우투좌타),사파초-창원신월중-용마고-NC-상무,10000만원,7200만원,18 NC 2차 2라운드 19순위,18NC,NC 다이노스,178,93,29.35235450069436
요키시,No.20,1989년 07월 29일,투수(좌투우타),미국 Northwestern(대)-키움,,100000달러,19 키움 자유선발,19키움,NC 다이노스,188,93,26.312811226799457
원종해,No.106,2005년 04월 09일,투수(우투우타),길동초-건대부중-장충고,5000만원,3000만원,24 NC 7라운드 65순위,,NC 다이노스,183,83,24.78425751739377
윤형준,No.52,1994년 01월 31일,내야수(우투우타),광주서림초-무등중-진흥고-NC-경찰-LG,7000만원,6500만원,13 NC 4라운드 31순위,13NC,NC 다이노스,186,97,28.037923459359455
이용준,No.48,2002년 05월 08일,투수(우투우타),중대초-양천중-서울디자인고,10000만원,6700만원,21 NC 2차 2라운드 16순위,21NC,NC 다이노스,180,95,29.320987654320987
이용찬,No.22,1989년 01월 02일,투수(우투우타),신원초-양천중-장충고-두산-상무-두산,45000만원,40000만원,07 두산 1차,07두산,NC 다이노스,185,85,24.83564645726808
이우석,No.45,1996년 04월 16일,투수(우투우타),군산남초-군산남중-군산상고-NC-상무,6000만원,3200만원,15 NC 2차 6라운드 61순위,15NC,NC 다이노스,185,80,23.37472607742878
이재학,No.51,1990년 10월 04일,투수(우언우타),대구옥산초-경복중-대구고-두산,10000만원,20000만원,10 두산 2라운드 10순위,10두산,NC 다이노스,181,84,25.640242971826257
이준호,No.27,2000년 03월 27일,투수(우투우타),부산인지초(해운대리틀)-센텀중-경남고-성균관대,6000만원,4500만원,23 NC 6라운드 54순위,23NC,NC 다이노스,181,85,25.94548395958609
이현우,No.65,2003년 05월 05일,투수(우투우타),용인새빛초(용인수지구리틀)-서울이수중-배명고,4000만원,3000만원,22 NC 2차 7라운드 70순위,,NC 다이노스,183,90,26.874496103198062
임상현,No.28,2005년 07월 16일,투수(우투우타),김천신일초(김천시리틀)-상원중-대구상원고,15000만원,3000만원,24 NC 2라운드 15순위,24NC,NC 다이노스,184,89,26.28780718336484
임정호,No.13,1990년 04월 16일,투수(좌투좌타),성동초-잠신중-신일고-성균관대-NC-상무,7000만원,13500만원,13 NC 3라운드 30순위,13NC,NC 다이노스,188,90,25.46401086464464
임형원,No.12,2001년 09월 15일,투수(우투우타),시흥계수초(소사리틀)-동산중-인천고,8000만원,3000만원,20 NC 2차 4라운드 31순위,20NC,NC 다이노스,183,73,21.798202394816204
전루건,No.47,2000년 06월 09일,투수(우투우타),도신초-충암중-부천고-두산,14000만원,3200만원,19 두산 2차 1라운드 9순위,19두산,NC 다이노스,185,80,23.37472607742878
전사민,No.57,1999년 07월 06일,투수(우투우타),연서초(부산동래구리틀)-대신중-부산정보고-NC-상무,10000만원,3400만원,19 NC 2차 2라운드 17순위,19NC,NC 다이노스,194,85,22.58475927303645
조현민,No.107,2005년 03월 23일,내야수(우투좌타),정수초(성북구리틀)-서울이수중-충암고,4000만원,3000만원,24 NC 8라운드 75순위,,NC 다이노스,181,83,25.33500198406642
조현진,No.46,2002년 09월 10일,내야수(우투좌타),아라초(함안리틀)-창원신월중-마산고,5000만원,3100만원,21 한화 2차 6라운드 52순위,23NC,NC 다이노스,182,69,20.830817534114235
조효원,No.105,1999년 03월 10일,내야수(우투우타),공주중동초-온양중-공주고-원광대,8000만원,,22 NC 2차 4라운드 34순위,,NC 다이노스,180,87,26.85185185185185
채원후,No.19,1995년 07월 11일,투수(우투우타),학강초-광주동성중-광주제일고-두산-LG,14000만원,3500만원,15 두산 2차 1라운드 8순위,15두산,NC 다이노스,180,70,21.604938271604937
천재환,No.23,1994년 04월 01일,외야수(우투우타),대전신흥초-공주중-화순고-고려대,,5000만원,17 NC 육성선수,22NC,NC 다이노스,181,83,25.33500198406642
최보성,No.49,1998년 10월 16일,내야수(우투우타),진해장복초(진해리틀)-외포중-개성고,4000만원,3200만원,18 NC 2차 7라운드 69순위,18NC,NC 다이노스,181,88,26.8612069228656
최성영,No.26,1997년 04월 28일,투수(좌투좌타),영랑초-설악중-설악고-NC-상무,10000만원,8300만원,16 NC 2차 2라운드 13순위,16NC,NC 다이노스,180,85,26.234567901234566
최시혁,No.,2000년 07월 19일,투수(우투우타),봉천초-배명중-북일고,8000만원,3000만원,19 NC 2차 3라운드 27순위,19NC,NC 다이노스,190,85,23.545706371191137
최우석,No.64,2005년 03월 31일,투수(우투우타),서흥초-동인천중-비봉고,6000만원,3000만원,24 NC 5라운드 45순위,24NC,NC 다이노스,190,90,24.930747922437675
최우재,No.29,1997년 04월 11일,외야수(우투좌타),광주수창초-진흥중-진흥고,6000만원,3000만원,16 NC 2차 5라운드 48순위,16NC,NC 다이노스,186,90,26.01456815816857
최정원,No.14,2000년 06월 24일,내야수(우투좌타),서원초-청주중-청주고-NC-상무,5000만원,6600만원,19 NC 2차 7라운드 67순위,20NC,NC 다이노스,176,70,22.59814049586777
카스타노,No.,1994년 09월 17일,투수(좌투좌타),미국 Baylor(대),130000달러,520000달러,24 NC 자유선발,24NC,NC 다이노스,190,104,28.80886426592798
하준수,No.62,2000년 05월 07일,투수(우투우타),남부민초-대신중-부경고,5000만원,3100만원,19 NC 2차 6라운드 57순위,22NC,NC 다이노스,189,95,26.595000139973685
하트,No.30,1992년 11월 23일,투수(좌투좌타),미국 Indiana(대),200000달러,500000달러,24 NC 자유선발,24NC,NC 다이노스,196,90,23.427738442315704
한석현,No.33,1994년 05월 17일,외야수(좌투좌타),후암초-대천중-경남고-LG,5000만원,3900만원,14 LG 2차 5라운드 48순위,20LG,NC 다이노스,181,73,22.28259210646805
한재승,No.55,2001년 11월 21일,투수(우투우타),동막초-상인천중-인천고,7000만원,3400만원,21 NC 2차 4라운드 36순위,21NC,NC 다이노스,180,90,27.77777777777777
한재환,No.35,2001년 10월 19일,내야수(우투우타),기장대청초(기장리틀)-대신중-개성고,4000만원,3000만원,20 NC 2차 8라운드 71순위,24NC,NC 다이노스,177,89,28.40818411056848
홍유원,No.102,2005년 05월 17일,투수(우투우타),울산대현초-포항중-대구고,7000만원,3000만원,24 NC 4라운드 35순위,24NC,NC 다이노스,188,96,27.16161158895428
고영우,No.44,2001년 06월 21일,내야수(우투우타),부산대연초(사상구리틀)-대동중-경남고-성균관대,7000만원,3000만원,24 키움 4라운드 39순위,24키움,키움 히어로즈,173,80,26.729927495071667
김건희,No.12,2004년 11월 07일,내야수(우투우타),대전신흥초-온양중-원주고,22000만원,3200만원,23 키움 1라운드 6순위,23키움,키움 히어로즈,186,96,27.74887270204648
김동규,No.43,2004년 07월 09일,투수(우투우타),서울청구초-영남중-성남고-LG,13000만원,3100만원,23 LG 2라운드 17순위,23LG,키움 히어로즈,194,100,26.570305027101718
김동욱,No.65,1997년 05월 16일,투수(우투우타),(용산구리틀)-서울경원중-휘문고-홍익대,2000만원,3000만원,20 키움 2차 10라운드 97순위,21키움,키움 히어로즈,178,83,26.19618735008206
김동헌,No.22,2004년 07월 15일,포수(우투우타),영문초(영등포구리틀)-충암중-충암고,15000만원,4000만원,23 키움 2라운드 12순위,23키움,키움 히어로즈,182,91,27.47252747252747
김동혁,No.60,2001년 12월 27일,투수(우언우타),(강남구리틀)-영동중-덕수고,8000만원,6000만원,20 키움 2차 3라운드 27순위,20키움,키움 히어로즈,184,84,24.8109640831758
김병휘,No.0,2001년 02월 16일,내야수(우투우타),효제초-홍은중-장충고,7000만원,3300만원,20 키움 2차 4라운드 37순위,20키움,키움 히어로즈,177,79,25.2162533116282
김선기,No.49,1991년 09월 01일,투수(우투우타),석교초-세광중-세광고-상무-히어로즈,,7000만원,18 넥센 2차 1라운드 8순위,09시애틀,키움 히어로즈,187,98,28.024821985186875
김성민,No.8,1994년 04월 26일,투수(좌투좌타),대구옥산초-경복중-대구상원고-일본경제대-SK-히어로즈,13000만원,9000만원,17 SK 2차 1라운드 6순위,17SK,키움 히어로즈,181,90,27.471688898385278
김수환,No.13,1998년 03월 20일,내야수(우투우타),인천부일초(부평구리틀)-재능중-제물포고-히어로즈,6000만원,4700만원,18 넥센 2차 5라운드 48순위,18넥센,키움 히어로즈,180,91,28.086419753086417
김시앙,No.26,2001년 10월 31일,포수(우투우타),광주대성초-광주동성중-광주동성고,5000만원,3600만원,21 키움 2차 5라운드 49순위,22키움,키움 히어로즈,177,79,25.2162533116282
김연주,No.68,2004년 02월 27일,투수(우투우타),대전신흥초-충남중-세광고,9000만원,3000만원,24 키움 3라운드 29순위,24키움,키움 히어로즈,175,75,24.489795918367346
김웅빈,No.10,1996년 02월 09일,내야수(우투좌타),서라벌초-울산제일중-울산공고-히어로즈-상무,8000만원,5000만원,15 SK 2차 3라운드 27순위,16넥센,키움 히어로즈,182,97,29.28390291027653
김윤하,No.19,2005년 03월 07일,투수(우투우타),와부초(남양주리틀)-덕수중-장충고,20000만원,3000만원,24 키움 1라운드 9순위,24키움,키움 히어로즈,185,90,26.29656683710737
김인범,No.67,2000년 01월 12일,투수(우투우타),하남동부초(하남시리틀)-전라중-전주고-키움-상무,7000만원,3300만원,19 넥센 2차 4라운드 34순위,21키움,키움 히어로즈,187,91,26.023048986244955
김재웅,No.3,1998년 10월 22일,투수(좌투좌타),금교초(남양주리틀)-자양중-덕수고-키움-상무,5000만원,19000만원,17 넥센 2차 6라운드 57순위,19키움,상무 ,171,86,29.410758865975858
김재현,No.32,1993년 03월 18일,포수(우투우타),진북초-전라중-대전고-히어로즈-상무,3000만원,5500만원,12 넥센 8라운드 76순위,12넥센,키움 히어로즈,178,90,28.40550435551067
김주형,No.6,1996년 03월 05일,내야수(우투우타),양정초-경남중-경남고-홍익대,2000만원,4500만원,19 넥센 2차 10라운드 94순위,19키움,키움 히어로즈,173,84,28.06642386982525
김주훈,No.02,2003년 06월 25일,투수(좌투좌타),울산대현초-부산신정중-용마고-동원과학기술대,7000만원,3000만원,24 키움 5라운드 49순위,,고양 히어로즈,180,80,24.69135802469136
김준형,No.93,2002년 07월 12일,투수(우투우타),서울이수초-성남중-성남고,8000만원,3700만원,21 키움 2차 2라운드 19순위,21키움,고양 히어로즈,182,91,27.47252747252747
김지성,No.97,2004년 05월 27일,포수(우투우타),창영초-재능중-율곡고야구단,5000만원,3000만원,24 키움 7라운드 69순위,24키움,키움 히어로즈,174,91,30.056810675122207
김태진,No.1,1995년 10월 07일,내야수(우투좌타),수유초-신일중-신일고-NC-경찰-NC-KIA,8000만원,11000만원,14 NC 2차 4라운드 45순위,14NC,키움 히어로즈,169,73,25.55932915514163
김혜성,No.3,1999년 01월 27일,내야수(우투좌타),문촌초(고양시리틀)-동산중-동산고-히어로즈,13000만원,65000만원,17 넥센 2차 1라운드 7순위,17넥센,키움 히어로즈,179,80,24.9680097375238
노운현,No.59,2003년 06월 22일,투수(우언우타),(부산북구리틀)-센텀중-경남고,6000만원,3000만원,22 키움 2차 4라운드 32순위,22키움,고양 히어로즈,184,76,22.448015122873343
도슨,No.27,1995년 05월 19일,외야수(우투좌타),미국 Ohio Licking Heights(고),,550000달러,23 키움 자유선발,23키움,키움 히어로즈,183,100,29.860551225775623
문성현,No.21,1991년 11월 09일,투수(우투우타),남정초-선린중-충암고-히어로즈-상무-히어로즈,8000만원,7500만원,10 넥센 4라운드 31순위,10넥센,키움 히어로즈,182,89,26.86873565994445
박범준,No.45,2004년 05월 28일,투수(우투좌타),대전신흥초-한밭중-대전고,4000만원,3000만원,24 키움 9라운드 89순위,24키움,키움 히어로즈,183,75,22.39541341933172
박성빈,No.64,2004년 04월 21일,포수(우투우타),한밭초(계룡시리틀)-충남중-대전고,5000만원,3000만원,23 키움 7라운드 66순위,24키움,키움 히어로즈,177,94,30.00414951003862
박수종,No.14,1999년 02월 25일,외야수(우투우타),도신초-강남중-충암고-경성대,,4000만원,22 키움 육성선수,23키움,키움 히어로즈,178,82,25.88057063502083
박승주,No.42,1994년 02월 12일,투수(우투우타),화계초-언북중-경기고-동국대-히어로즈,,4500만원,16 넥센 육성선수,17넥센,키움 히어로즈,183,96,28.6661291767446
박승호,No.05,2005년 03월 24일,투수(우투우타),(익산시리틀)-전라중-군산상일고,3000만원,3000만원,24 키움 10라운드 99순위,,고양 히어로즈,185,92,26.88093498904309
박윤성,No.00,2004년 02월 08일,투수(우투우타),부산수영초-개성중-경남고,9000만원,3000만원,23 키움 3라운드 26순위,24키움,키움 히어로즈,183,96,28.6661291767446
박주홍,No.57,2001년 04월 16일,외야수(좌투좌타),(하남시리틀)-건대부중-장충고,20000만원,3600만원,20 키움 1차,20키움,키움 히어로즈,187,87,24.879178701135288
박준형,No.96,1999년 03월 07일,포수(우투우타),화순초-무등중-광주제일고,5000만원,3000만원,19 넥센 2차 6라운드 54순위,24키움,키움 히어로즈,177,89,28.40818411056848
박찬혁,No.45,2003년 04월 25일,외야수(우투우타),대전유천초(대전서구리틀)-한밭중-북일고-키움-상무,13000만원,4000만원,22 키움 2차 1라운드 6순위,22키움,상무 ,181,87,26.555965935105768
박채울,No.03,2004년 11월 20일,외야수(우투우타),부평초(인천서구리틀)-재능중-충암고,4000만원,3000만원,24 키움 8라운드 79순위,,고양 히어로즈,185,86,25.127830533235937
백진수,No.105,2003년 02월 15일,투수(우투우타),광주대성초-무등중-광주제일고,7000만원,,22 키움 2차 3라운드 26순위,,고양 히어로즈,191,97,26.589183410542475
변상권,No.56,1997년 04월 04일,외야수(우투좌타),인천서림초-상인천중-제물포고-인천재능대-히어로즈-키움-상무,,4800만원,18 넥센 육성선수,20키움,키움 히어로즈,180,80,24.69135802469136
변헌성,No.103,2004년 05월 18일,포수(우투우타),원동초(오산시리틀)-대원중-유신고,4000만원,3000만원,23 키움 9라운드 86순위,,고양 히어로즈,181,91,27.776929886145112
서유신,No.98,2000년 08월 17일,내야수(우투우타),광주수창초-충장중-화순고-원광대,3000만원,3000만원,23 키움 11라운드 106순위,,고양 히어로즈,176,76,24.535123966942148
손현기,No.63,2005년 10월 22일,투수(좌투좌타),순천북초-순천이수중-전주고,12000만원,3000만원,24 키움 2라운드 19순위,24키움,키움 히어로즈,188,88,24.898143956541425
송성문,No.24,1996년 08월 29일,내야수(우투좌타),봉천초(용산구리틀)-홍은중-장충고-히어로즈-키움-상무,8000만원,13000만원,15 넥센 2차 5라운드 49순위,15넥센,키움 히어로즈,183,88,26.27728507868255
송재선,No.9,2000년 06월 30일,외야수(우투우타),수유초-충암중-신일고-한일장신대,7000만원,3100만원,23 키움 5라운드 46순위,23키움,고양 히어로즈,176,73,23.56663223140496
송지후,No.94,2005년 01월 08일,내야수(우투우타),광주수창초-진흥중-광주제일고,5000만원,3000만원,24 키움 6라운드 59순위,24키움,키움 히어로즈,175,74,24.163265306122447
신준우,No.37,2001년 06월 21일,내야수(우투우타),대구수창초-경운중-대구고,9000만원,4200만원,20 키움 2차 2라운드 17순위,21키움,키움 히어로즈,177,80,25.53544639152223
신효수,No.08,2000년 12월 24일,포수(우투우타),서울청구초-휘문중-휘문고-연세대,,1500만원,24 키움 육성선수,,고양 히어로즈,173,81,27.064051588760066
심휘윤,No.4,2005년 05월 28일,내야수(우투우타),사당초-언북중-배재고,3000만원,3000만원,24 키움 11라운드 109순위,24키움,키움 히어로즈,183,84,25.082863029651524
안겸,No.104,2004년 06월 15일,포수(우투우타),가양초(강서구리틀)-강남중-배재고,3000만원,3000만원,23 키움 10라운드 96순위,,고양 히어로즈,181,83,25.33500198406642
양지율,No.55,1998년 12월 16일,투수(우투우타),서울청구초-홍은중-장충고,9000만원,3000만원,17 넥센 2차 2라운드 17순위,19키움,키움 히어로즈,185,103,30.094959824689557
오상원,No.39,2004년 07월 21일,투수(우투우타),서울온곡초(광진구리틀)-청원중-선린인터넷고,11000만원,3300만원,23 키움 2라운드 16순위,23키움,키움 히어로즈,184,82,24.22022684310019
오석주,No.31,1998년 04월 14일,투수(우투우타),양정초-대천중-제주고-LG,6000만원,4000만원,17 LG 2차 6라운드 52순위,19LG,키움 히어로즈,180,74,22.839506172839503
우승원,No.101,2004년 06월 08일,외야수(우투우타),서울학동초-언북중-충암고,5000만원,3000만원,23 키움 6라운드 56순위,23키움,고양 히어로즈,178,77,24.30248705971468
원성준,No.33,2000년 03월 31일,내야수(우투좌타),고명초-서울이수중-경기고-성균관대,,3000만원,24 키움 육성선수,24키움,키움 히어로즈,181,80,24.41927902078691
원종현,No.46,1987년 07월 31일,투수(우언우타),군산중앙초-군산중-군산상고-LG-경찰-NC,11000만원,50000만원,06 LG 2차 2라운드 11순위,06LG,키움 히어로즈,182,88,26.56683975365294
윤석원,No.95,2003년 07월 04일,투수(좌투좌타),부산대연초-개성중-부산고,6000만원,4300만원,22 키움 2차 4라운드 36순위,23키움,키움 히어로즈,185,81,23.66691015339664
윤정현,No.99,1993년 05월 17일,투수(좌투좌타),서원초-세광중-세광고,,4000만원,19 넥센 2차 1라운드 4순위,13볼티모어,키움 히어로즈,186,100,28.90507573129841
이명기,No.34,2000년 01월 03일,내야수(우투우타),광주대성초-충장중-광주동성고,6000만원,3000만원,19 넥센 2차 5라운드 44순위,21키움,고양 히어로즈,186,105,30.350329517863333
이명종,No.38,2002년 12월 05일,투수(우투우타),석교초-세광중-세광고,5000만원,6000만원,22 키움 2차 6라운드 56순위,22키움,키움 히어로즈,180,84,25.925925925925924
이승원,No.92,2004년 07월 02일,내야수(우투우타),도봉초(노원구리틀)-상명중-덕수고,7000만원,3100만원,23 키움 4라운드 36순위,23키움,키움 히어로즈,185,75,21.91380569758948
이용규,No.15,1985년 08월 26일,외야수(좌투좌타),성동초-잠신중-덕수정보고-LG-KIA-한화,,20000만원,04 LG 2차 2라운드 15순위,04LG,키움 히어로즈,170,74,25.60553633217993
이우현,No.01,2005년 11월 27일,투수(우투우타),배양초(화성동탄리틀)-안산중앙중-비봉고,10000만원,3000만원,24 키움 3라운드 24순위,,고양 히어로즈,183,80,23.888440980620494
이원석,No.17,1986년 10월 21일,내야수(우투우타),학강초-광주동성중-광주동성고-(세민디지털대)-롯데-두산-상무-두산-삼성,13000만원,40000만원,05 롯데 2차 2라운드 9순위,05롯데,키움 히어로즈,181,82,25.029760996306585
이재상,No.5,2005년 04월 17일,내야수(우투우타),갈산초-성남중-성남고,13000만원,3000만원,24 키움 2라운드 16순위,24키움,키움 히어로즈,183,85,25.38146854190928
이종민,No.66,2001년 06월 04일,투수(좌투좌타),성동초-덕수중-성남고,11000만원,3200만원,20 키움 2차 1라운드 7순위,20키움,키움 히어로즈,185,96,28.04967129291453
이주형,No.2,2001년 04월 02일,외야수(우투좌타),송수초(해운대리틀)-센텀중-경남고-LG,15000만원,6600만원,20 LG 2차 2라운드 13순위,20LG,키움 히어로즈,181,80,24.41927902078691
이형종,No.36,1989년 06월 07일,외야수(우투우타),화곡초-양천중-서울고-LG,43000만원,68000만원,08 LG 1차,08LG,키움 히어로즈,183,87,25.97867956642479
이호열,No.102,2004년 11월 17일,내야수(우투우타),(남양주리틀)-구리인창중-라온고,4000만원,3000만원,23 키움 8라운드 76순위,,고양 히어로즈,180,80,24.69135802469136
임병욱,No.35,1995년 09월 30일,외야수(우투좌타),수원신곡초-배명중-덕수고-히어로즈-키움-상무,20000만원,7000만원,14 넥센 1차,14넥센,키움 히어로즈,187,94,26.88095170007721
임지열,No.29,1995년 08월 22일,내야수(우투우타),대전신흥초-건대부중-덕수고-히어로즈-경찰,11000만원,7200만원,14 넥센 2차 2라운드 22순위,14넥센,키움 히어로즈,180,94,29.012345679012345
장재영,No.61,2002년 05월 10일,외야수(우투우타),갈산초-서울신월중-덕수고,90000만원,4000만원,21 키움 1차,21키움,키움 히어로즈,187,83,23.735308416025617
전준표,No.62,2005년 05월 07일,투수(우투우타),잠일초(강동구리틀)-잠신중-서울고,21000만원,3000만원,24 키움 1라운드 8순위,24키움,키움 히어로즈,186,90,26.01456815816857
정찬헌,No.58,1990년 01월 26일,투수(우투우타),송정동초-충장중-광주제일고-LG,30000만원,20000만원,08 LG 2차 1라운드 1순위,08LG,키움 히어로즈,186,95,27.45982194473349
조상우,No.11,1994년 09월 04일,투수(우투우타),서화초-상인천중-대전고-히어로즈,25000만원,34000만원,13 넥센 1라운드 1순위,13넥센,키움 히어로즈,186,97,28.037923459359455
조성훈,No.100,1999년 03월 22일,투수(우투우타),응봉초(성동구리틀)-건대부중-청원고-SK-상무-SK-SSG,15000만원,3100만원,18 SK 2차 1라운드 5순위,18SK,고양 히어로즈,188,85,24.049343594386603
조영건,No.20,1999년 02월 04일,투수(우투우타),대전신흥초-충남중-백송고,10000만원,4000만원,19 넥센 2차 2라운드 14순위,19키움,키움 히어로즈,180,85,26.234567901234566
주성원,No.25,2000년 08월 30일,외야수(우투우타),부산대연초(남구리틀)-부산신정중-개성고,8000만원,3500만원,19 넥센 2차 3라운드 24순위,19키움,키움 히어로즈,182,95,28.680111097693512
주승빈,No.91,2004년 03월 06일,투수(좌투좌타),구운초(수원권선구리틀)-영동중-서울고,5000만원,3000만원,22 키움 2차 5라운드 46순위,,고양 히어로즈,181,84,25.640242971826257
주승우,No.30,2000년 01월 30일,투수(우투우타),송추초(의정부리틀)-영동중-서울고-성균관대,18000만원,3200만원,22 키움 1차,22키움,키움 히어로즈,180,82,25.30864197530864
최주환,No.53,1988년 02월 28일,내야수(우투좌타),학강초-광주동성중-광주동성고-두산-상무-두산-SK-SSG,6000만원,65000만원,06 두산 2차 6라운드 46순위,06두산,키움 히어로즈,177,73,23.301094832264035
하영민,No.50,1995년 05월 07일,투수(우투우타),광주수창초-진흥중-진흥고-히어로즈,15000만원,8000만원,14 넥센 2차 1라운드 4순위,14넥센,키움 히어로즈,183,74,22.096807907073963
헤이수스,No.54,1996년 12월 10일,투수(좌투좌타),베네수엘라 Juanita Hernandez(고),,600000달러,24 키움 자유선발,24키움,키움 히어로즈,192,104,28.21180555555556
후라도,No.75,1996년 01월 30일,투수(우투우타),파나마 San Judas Tadeo(고),,1200000달러,23 키움 자유선발,23키움,키움 히어로즈,187,109,31.170465269238463
